{"timestamp": "2025-12-09 10:24:14.714927", "payload": {"Id": "bdd6dc18fe4a417cb77ba5a8f328fe59", "RecognitionStatus": "Success", "Offset": 0, "Duration": 50400000, "Channel": 0, "DisplayText": ".", "SNR": 0.0, "NBest": [{"Confidence": 0.0, "Lexical": ".", "ITN": ".", "MaskedITN": ".", "Display": ".", "PronunciationAssessment": {"AccuracyScore": 0.0, "FluencyScore": 0.0, "CompletenessScore": 0.0, "PronScore": 0.0}, "Words": [{"Word": "Hello", "PronunciationAssessment": {"ErrorType": "Omission"}, "Phonemes": []}, {"Word": "i", "PronunciationAssessment": {"ErrorType": "Omission"}, "Phonemes": []}, {"Word": "am", "PronunciationAssessment": {"ErrorType": "Omission"}, "Phonemes": []}, {"Word": "sad", "PronunciationAssessment": {"ErrorType": "Omission"}, "Phonemes": []}]}]}}
{"timestamp": "2025-12-09 10:26:48.656020", "payload": {"Id": "fa7e384df0d84ab9be1f097f90c53aa1", "RecognitionStatus": "Success", "Offset": 7800000, "Duration": 13000000, "Channel": 0, "DisplayText": "Hello, I am Hello.", "SNR": 38.872906, "NBest": [{"Confidence": 0.8652133, "Lexical": "Hello i am Hello", "ITN": "Hello i am Hello", "MaskedITN": "hello i am hello", "Display": "Hello, I am Hello.", "PronunciationAssessment": {"AccuracyScore": 75.0, "FluencyScore": 75.0, "CompletenessScore": 75.0, "PronScore": 75.0}, "Words": [{"Word": "Hello", "Offset": 7800000, "Duration": 6100000, "PronunciationAssessment": {"AccuracyScore": 100.0, "ErrorType": "None"}, "Syllables": [{"Syllable": "", "Grapheme": "hel", "PronunciationAssessment": {"AccuracyScore": 100.0}, "Offset": 7800000, "Duration": 1900000}, {"Syllable": "", "Grapheme": "lo", "PronunciationAssessment": {"AccuracyScore": 100.0}, "Offset": 9800000, "Duration": 4100000}], "Phonemes": [{"Phoneme": "", "PronunciationAssessment": {"AccuracyScore": 100.0}, "Offset": 7800000, "Duration": 900000}, {"Phoneme": "", "PronunciationAssessment": {"AccuracyScore": 100.0}, "Offset": 8800000, "Duration": 900000}, {"Phoneme": "", "PronunciationAssessment": {"AccuracyScore": 100.0}, "Offset": 9800000, "Duration": 1100000}, {"Phoneme": "", "PronunciationAssessment": {"AccuracyScore": 100.0}, "Offset": 11000000, "Duration": 2900000}]}, {"Word": "i", "Offset": 15400000, "Duration": 2300000, "PronunciationAssessment": {"AccuracyScore": 100.0, "ErrorType": "None"}, "Syllables": [{"Syllable": "", "PronunciationAssessment": {"AccuracyScore": 100.0}, "Offset": 15400000, "Duration": 1700000}, {"Syllable": "", "PronunciationAssessment": {"AccuracyScore": 100.0}, "Offset": 17200000, "Duration": 500000}], "Phonemes": [{"Phoneme": "", "PronunciationAssessment": {"AccuracyScore": 100.0}, "Offset": 15400000, "Duration": 1700000}, {"Phoneme": "", "PronunciationAssessment": {"AccuracyScore": 100.0}, "Offset": 17200000, "Duration": 500000}]}, {"Word": "am", "Offset": 17800000, "Duration": 1100000, "PronunciationAssessment": {"AccuracyScore": 100.0, "ErrorType": "None"}, "Syllables": [{"Syllable": "", "PronunciationAssessment": {"AccuracyScore": 100.0}, "Offset": 17800000, "Duration": 1100000}], "Phonemes": [{"Phoneme": "", "PronunciationAssessment": {"AccuracyScore": 100.0}, "Offset": 17800000, "Duration": 400000}, {"Phoneme": "", "PronunciationAssessment": {"AccuracyScore": 100.0}, "Offset": 18300000, "Duration": 600000}]}, {"Word": "Hello", "Offset": 19000000, "Duration": 1800000, "PronunciationAssessment": {"AccuracyScore": 92.0, "ErrorType": "Insertion"}, "Syllables": [{"Syllable": "", "Grapheme": "hel", "PronunciationAssessment": {"AccuracyScore": 85.0}, "Offset": 19000000, "Duration": 1200000}, {"Syllable": "", "Grapheme": "lo", "PronunciationAssessment": {"AccuracyScore": 0.0}, "Offset": 20300000, "Duration": 500000}], "Phonemes": [{"Phoneme": "", "PronunciationAssessment": {"AccuracyScore": 100.0}, "Offset": 19000000, "Duration": 900000}, {"Phoneme": "", "PronunciationAssessment": {"AccuracyScore": 37.0}, "Offset": 20000000, "Duration": 200000}, {"Phoneme": "", "PronunciationAssessment": {"AccuracyScore": 0.0}, "Offset": 20300000, "Duration": 200000}, {"Phoneme": "", "PronunciationAssessment": {"AccuracyScore": 0.0}, "Offset": 20600000, "Duration": 200000}]}, {"Word": "sad", "PronunciationAssessment": {"ErrorType": "Omission"}, "Phonemes": []}]}]}}
{"timestamp": "2025-12-09 10:33:15.708389", "payload": {"Id": "79633b0253dc4db0a17e4dff81250f66", "RecognitionStatus": "Success", "Offset": 10700000, "Duration": 13200000, "Channel": 0, "DisplayText": "I am going to school.", "SNR": 48.530075, "NBest": [{"Confidence": 0.9761804, "Lexical": "I am going to school", "ITN": "I am going to school", "MaskedITN": "i am going to school", "Display": "I am going to school.", "PronunciationAssessment": {"AccuracyScore": 100.0, "FluencyScore": 100.0, "CompletenessScore": 100.0, "PronScore": 100.0}, "Words": [{"Word": "I", "Offset": 10700000, "Duration": 2200000, "PronunciationAssessment": {"AccuracyScore": 100.0, "ErrorType": "None"}, "Syllables": [{"Syllable": "", "PronunciationAssessment": {"AccuracyScore": 100.0}, "Offset": 10700000, "Duration": 1400000}, {"Syllable": "", "PronunciationAssessment": {"AccuracyScore": 100.0}, "Offset": 12200000, "Duration": 700000}], "Phonemes": [{"Phoneme": "", "PronunciationAssessment": {"AccuracyScore": 100.0}, "Offset": 10700000, "Duration": 1400000}, {"Phoneme": "", "PronunciationAssessment": {"AccuracyScore": 100.0}, "Offset": 12200000, "Duration": 700000}]}, {"Word": "am", "Offset": 13000000, "Duration": 1100000, "PronunciationAssessment": {"AccuracyScore": 100.0, "ErrorType": "None"}, "Syllables": [{"Syllable": "", "PronunciationAssessment": {"AccuracyScore": 100.0}, "Offset": 13000000, "Duration": 1100000}], "Phonemes": [{"Phoneme": "", "PronunciationAssessment": {"AccuracyScore": 100.0}, "Offset": 13000000, "Duration": 500000}, {"Phoneme": "", "PronunciationAssessment": {"AccuracyScore": 100.0}, "Offset": 13600000, "Duration": 500000}]}, {"Word": "going", "Offset": 14200000, "Duration": 3500000, "PronunciationAssessment": {"AccuracyScore": 98.0, "ErrorType": "None"}, "Syllables": [{"Syllable": "", "Grapheme": "go", "PronunciationAssessment": {"AccuracyScore": 100.0}, "Offset": 14200000, "Duration": 1700000}, {"Syllable": "", "Grapheme": "ing", "PronunciationAssessment": {"AccuracyScore": 97.0}, "Offset": 16000000, "Duration": 1700000}], "Phonemes": [{"Phoneme": "", "PronunciationAssessment": {"AccuracyScore": 100.0}, "Offset": 14200000, "Duration": 900000}, {"Phoneme": "", "PronunciationAssessment": {"AccuracyScore": 100.0}, "Offset": 15200000, "Duration": 700000}, {"Phoneme": "", "PronunciationAssessment": {"AccuracyScore": 100.0}, "Offset": 16000000, "Duration": 500000}, {"Phoneme": "", "PronunciationAssessment": {"AccuracyScore": 85.0}, "Offset": 16600000, "Duration": 300000}, {"Phoneme": "", "PronunciationAssessment": {"AccuracyScore": 100.0}, "Offset": 17000000, "Duration": 700000}]}, {"Word": "to", "Offset": 17800000, "Duration": 900000, "PronunciationAssessment": {"AccuracyScore": 100.0, "ErrorType": "None"}, "Syllables": [{"Syllable": "", "PronunciationAssessment": {"AccuracyScore": 100.0}, "Offset": 17800000, "Duration": 900000}], "Phonemes": [{"Phoneme": "", "PronunciationAssessment": {"AccuracyScore": 100.0}, "Offset": 17800000, "Duration": 400000}, {"Phoneme": "", "PronunciationAssessment": {"AccuracyScore": 100.0}, "Offset": 18300000, "Duration": 400000}]}, {"Word": "school", "Offset": 18800000, "Duration": 5100000, "PronunciationAssessment": {"AccuracyScore": 100.0, "ErrorType": "None"}, "Syllables": [{"Syllable": "", "PronunciationAssessment": {"AccuracyScore": 100.0}, "Offset": 18800000, "Duration": 5100000}], "Phonemes": [{"Phoneme": "", "PronunciationAssessment": {"AccuracyScore": 100.0}, "Offset": 18800000, "Duration": 700000}, {"Phoneme": "", "PronunciationAssessment": {"AccuracyScore": 100.0}, "Offset": 19600000, "Duration": 900000}, {"Phoneme": "", "PronunciationAssessment": {"AccuracyScore": 100.0}, "Offset": 20600000, "Duration": 900000}, {"Phoneme": "", "PronunciationAssessment": {"AccuracyScore": 100.0}, "Offset": 21600000, "Duration": 2300000}]}]}]}}
{"timestamp": "2025-12-09 10:33:35.588969", "payload": {"Id": "822d8783f3924a378fee4f134e2cbd6f", "RecognitionStatus": "Success", "Offset": 8500000, "Duration": 15700000, "Channel": 0, "DisplayText": "She is very, very.", "SNR": 49.17746, "NBest": [{"Confidence": 0.8238262, "Lexical": "She is very very", "ITN": "She is very very", "MaskedITN": "she is very very", "Display": "She is very, very.", "PronunciationAssessment": {"AccuracyScore": 54.0, "FluencyScore": 45.0, "CompletenessScore": 50.0, "PronScore": 47.8}, "Words": [{"Word": "She", "Offset": 8500000, "Duration": 4200000, "PronunciationAssessment": {"AccuracyScore": 100.0, "ErrorType": "None"}, "Syllables": [{"Syllable": "", "PronunciationAssessment": {"AccuracyScore": 100.0}, "Offset": 8500000, "Duration": 4200000}], "Phonemes": [{"Phoneme": "", "PronunciationAssessment": {"AccuracyScore": 100.0}, "Offset": 8500000, "Duration": 2600000}, {"Phoneme": "", "PronunciationAssessment": {"AccuracyScore": 100.0}, "Offset": 11200000, "Duration": 1500000}]}, {"Word": "is", "Offset": 12800000, "Duration": 2700000, "PronunciationAssessment": {"AccuracyScore": 100.0, "ErrorType": "None"}, "Syllables": [{"Syllable": "", "PronunciationAssessment": {"AccuracyScore": 100.0}, "Offset": 12800000, "Duration": 2700000}], "Phonemes": [{"Phoneme": "", "PronunciationAssessment": {"AccuracyScore": 100.0}, "Offset": 12800000, "Duration": 900000}, {"Phoneme": "", "PronunciationAssessment": {"AccuracyScore": 100.0}, "Offset": 13800000, "Duration": 1700000}]}, {"Word": "very", "Offset": 15600000, "Duration": 4700000, "PronunciationAssessment": {"AccuracyScore": 36.0, "ErrorType": "Insertion"}, "Syllables": [{"Syllable": "", "Grapheme": "ver", "PronunciationAssessment": {"AccuracyScore": 100.0}, "Offset": 15600000, "Duration": 1300000}, {"Syllable": "", "Grapheme": "y", "PronunciationAssessment": {"AccuracyScore": 60.0}, "Offset": 17000000, "Duration": 3300000}], "Phonemes": [{"Phoneme": "", "PronunciationAssessment": {"AccuracyScore": 100.0}, "Offset": 15600000, "Duration": 700000}, {"Phoneme": "", "PronunciationAssessment": {"AccuracyScore": 100.0}, "Offset": 16400000, "Duration": 500000}, {"Phoneme": "", "PronunciationAssessment": {"AccuracyScore": 79.0}, "Offset": 17000000, "Duration": 2500000}, {"Phoneme": "", "PronunciationAssessment": {"AccuracyScore": 0.0}, "Offset": 19600000, "Duration": 700000}]}, {"Word": "very", "Offset": 20400000, "Duration": 3800000, "PronunciationAssessment": {"AccuracyScore": 18.0, "ErrorType": "Mispronunciation"}, "Syllables": [{"Syllable": "", "Grapheme": "ver", "PronunciationAssessment": {"AccuracyScore": 3.0}, "Offset": 20400000, "Duration": 1200000}, {"Syllable": "", "Grapheme": "y", "PronunciationAssessment": {"AccuracyScore": 0.0}, "Offset": 21700000, "Duration": 2500000}], "Phonemes": [{"Phoneme": "", "PronunciationAssessment": {"AccuracyScore": 5.0}, "Offset": 20400000, "Duration": 700000}, {"Phoneme": "", "PronunciationAssessment": {"AccuracyScore": 0.0}, "Offset": 21200000, "Duration": 400000}, {"Phoneme": "", "PronunciationAssessment": {"AccuracyScore": 0.0}, "Offset": 21700000, "Duration": 200000}, {"Phoneme": "", "PronunciationAssessment": {"AccuracyScore": 0.0}, "Offset": 22000000, "Duration": 2200000}]}, {"Word": "smart", "PronunciationAssessment": {"ErrorType": "Omission"}, "Phonemes": []}]}]}}
{"timestamp": "2025-12-09 10:34:04.211865", "payload": {"Id": "8129302fd09c49b09d9d391db9c902f3", "RecognitionStatus": "Success", "Offset": 13800000, "Duration": 9800000, "Channel": 0, "DisplayText": "He is very.", "SNR": 48.488384, "NBest": [{"Confidence": 0.81935626, "Lexical": "he is very", "ITN": "he is very", "MaskedITN": "he is very", "Display": "He is very.", "PronunciationAssessment": {"AccuracyScore": 65.0, "FluencyScore": 100.0, "CompletenessScore": 75.0, "PronScore": 74.0}, "Words": [{"Word": "he", "Offset": 13800000, "Duration": 3600000, "PronunciationAssessment": {"AccuracyScore": 100.0, "ErrorType": "None"}, "Syllables": [{"Syllable": "", "PronunciationAssessment": {"AccuracyScore": 100.0}, "Offset": 13800000, "Duration": 3600000}], "Phonemes": [{"Phoneme": "", "PronunciationAssessment": {"AccuracyScore": 100.0}, "Offset": 13800000, "Duration": 2000000}, {"Phoneme": "", "PronunciationAssessment": {"AccuracyScore": 100.0}, "Offset": 15900000, "Duration": 1500000}]}, {"Word": "is", "Offset": 17500000, "Duration": 2700000, "PronunciationAssessment": {"AccuracyScore": 100.0, "ErrorType": "None"}, "Syllables": [{"Syllable": "", "PronunciationAssessment": {"AccuracyScore": 100.0}, "Offset": 17500000, "Duration": 2700000}], "Phonemes": [{"Phoneme": "", "PronunciationAssessment": {"AccuracyScore": 100.0}, "Offset": 17500000, "Duration": 1500000}, {"Phoneme": "", "PronunciationAssessment": {"AccuracyScore": 100.0}, "Offset": 19100000, "Duration": 1100000}]}, {"Word": "very", "Offset": 20300000, "Duration": 3300000, "PronunciationAssessment": {"AccuracyScore": 60.0, "ErrorType": "None"}, "Syllables": [{"Syllable": "", "Grapheme": "ver", "PronunciationAssessment": {"AccuracyScore": 100.0}, "Offset": 20300000, "Duration": 1300000}, {"Syllable": "", "Grapheme": "y", "PronunciationAssessment": {"AccuracyScore": 50.0}, "Offset": 21700000, "Duration": 1900000}], "Phonemes": [{"Phoneme": "", "PronunciationAssessment": {"AccuracyScore": 100.0}, "Offset": 20300000, "Duration": 700000}, {"Phoneme": "", "PronunciationAssessment": {"AccuracyScore": 100.0}, "Offset": 21100000, "Duration": 500000}, {"Phoneme": "", "PronunciationAssessment": {"AccuracyScore": 100.0}, "Offset": 21700000, "Duration": 900000}, {"Phoneme": "", "PronunciationAssessment": {"AccuracyScore": 0.0}, "Offset": 22700000, "Duration": 900000}]}, {"Word": "clever", "PronunciationAssessment": {"ErrorType": "Omission"}, "Phonemes": []}]}]}}
{"timestamp": "2025-12-09 10:34:36.850697", "payload": {"Id": "e627649d19a6478988dba79bf69e73ef", "RecognitionStatus": "Success", "Offset": 12100000, "Duration": 11500000, "Channel": 0, "DisplayText": "I will call you.", "SNR": 44.787487, "NBest": [{"Confidence": 0.9543154, "Lexical": "I will call you", "ITN": "I will call you", "MaskedITN": "i will call you", "Display": "I will call you.", "PronunciationAssessment": {"AccuracyScore": 80.0, "FluencyScore": 100.0, "CompletenessScore": 80.0, "PronScore": 84.0}, "Words": [{"Word": "I", "Offset": 12100000, "Duration": 2800000, "PronunciationAssessment": {"AccuracyScore": 100.0, "ErrorType": "None"}, "Syllables": [{"Syllable": "", "PronunciationAssessment": {"AccuracyScore": 100.0}, "Offset": 12100000, "Duration": 1600000}, {"Syllable": "", "PronunciationAssessment": {"AccuracyScore": 100.0}, "Offset": 13800000, "Duration": 1100000}], "Phonemes": [{"Phoneme": "", "PronunciationAssessment": {"AccuracyScore": 100.0}, "Offset": 12100000, "Duration": 1600000}, {"Phoneme": "", "PronunciationAssessment": {"AccuracyScore": 100.0}, "Offset": 13800000, "Duration": 1100000}]}, {"Word": "will", "Offset": 15000000, "Duration": 2100000, "PronunciationAssessment": {"AccuracyScore": 100.0, "ErrorType": "None"}, "Syllables": [{"Syllable": "", "PronunciationAssessment": {"AccuracyScore": 100.0}, "Offset": 15000000, "Duration": 2100000}], "Phonemes": [{"Phoneme": "", "PronunciationAssessment": {"AccuracyScore": 100.0}, "Offset": 15000000, "Duration": 700000}, {"Phoneme": "", "PronunciationAssessment": {"AccuracyScore": 100.0}, "Offset": 15800000, "Duration": 400000}, {"Phoneme": "", "PronunciationAssessment": {"AccuracyScore": 100.0}, "Offset": 16300000, "Duration": 800000}]}, {"Word": "call", "Offset": 17200000, "Duration": 3100000, "PronunciationAssessment": {"AccuracyScore": 100.0, "ErrorType": "None"}, "Syllables": [{"Syllable": "", "PronunciationAssessment": {"AccuracyScore": 100.0}, "Offset": 17200000, "Duration": 3100000}], "Phonemes": [{"Phoneme": "", "PronunciationAssessment": {"AccuracyScore": 100.0}, "Offset": 17200000, "Duration": 1000000}, {"Phoneme": "", "PronunciationAssessment": {"AccuracyScore": 100.0}, "Offset": 18300000, "Duration": 400000}, {"Phoneme": "", "PronunciationAssessment": {"AccuracyScore": 100.0}, "Offset": 18800000, "Duration": 1500000}]}, {"Word": "you", "Offset": 20400000, "Duration": 3200000, "PronunciationAssessment": {"AccuracyScore": 100.0, "ErrorType": "None"}, "Syllables": [{"Syllable": "", "PronunciationAssessment": {"AccuracyScore": 100.0}, "Offset": 20400000, "Duration": 3200000}], "Phonemes": [{"Phoneme": "", "PronunciationAssessment": {"AccuracyScore": 100.0}, "Offset": 20400000, "Duration": 900000}, {"Phoneme": "", "PronunciationAssessment": {"AccuracyScore": 100.0}, "Offset": 21400000, "Duration": 2200000}]}, {"Word": "tomorrow", "PronunciationAssessment": {"ErrorType": "Omission"}, "Phonemes": []}]}]}}
{"timestamp": "2025-12-09 10:35:06.981267", "payload": {"Id": "f585ec810c914a009d03c80c42804760", "RecognitionStatus": "Success", "Offset": 9500000, "Duration": 14300000, "Channel": 0, "DisplayText": "He is my He friend.", "SNR": 53.105453, "NBest": [{"Confidence": 0.87774616, "Lexical": "He is my He friend", "ITN": "He is my He friend", "MaskedITN": "he is my he friend", "Display": "He is my He friend.", "PronunciationAssessment": {"AccuracyScore": 94.0, "FluencyScore": 83.0, "CompletenessScore": 100.0, "PronScore": 88.6}, "Words": [{"Word": "He", "Offset": 9500000, "Duration": 2900000, "PronunciationAssessment": {"AccuracyScore": 100.0, "ErrorType": "None"}, "Syllables": [{"Syllable": "", "PronunciationAssessment": {"AccuracyScore": 100.0}, "Offset": 9500000, "Duration": 2900000}], "Phonemes": [{"Phoneme": "", "PronunciationAssessment": {"AccuracyScore": 100.0}, "Offset": 9500000, "Duration": 1700000}, {"Phoneme": "", "PronunciationAssessment": {"AccuracyScore": 100.0}, "Offset": 11300000, "Duration": 1100000}]}, {"Word": "is", "Offset": 12500000, "Duration": 1900000, "PronunciationAssessment": {"AccuracyScore": 100.0, "ErrorType": "None"}, "Syllables": [{"Syllable": "", "PronunciationAssessment": {"AccuracyScore": 100.0}, "Offset": 12500000, "Duration": 1900000}], "Phonemes": [{"Phoneme": "", "PronunciationAssessment": {"AccuracyScore": 100.0}, "Offset": 12500000, "Duration": 900000}, {"Phoneme": "", "PronunciationAssessment": {"AccuracyScore": 100.0}, "Offset": 13500000, "Duration": 900000}]}, {"Word": "my", "Offset": 14500000, "Duration": 1700000, "PronunciationAssessment": {"AccuracyScore": 80.0, "ErrorType": "None"}, "Syllables": [{"Syllable": "", "PronunciationAssessment": {"AccuracyScore": 100.0}, "Offset": 14500000, "Duration": 1300000}, {"Syllable": "", "PronunciationAssessment": {"AccuracyScore": 40.0}, "Offset": 15900000, "Duration": 300000}], "Phonemes": [{"Phoneme": "", "PronunciationAssessment": {"AccuracyScore": 100.0}, "Offset": 14500000, "Duration": 700000}, {"Phoneme": "", "PronunciationAssessment": {"AccuracyScore": 99.0}, "Offset": 15300000, "Duration": 500000}, {"Phoneme": "", "PronunciationAssessment": {"AccuracyScore": 40.0}, "Offset": 15900000, "Duration": 300000}]}, {"Word": "He", "Offset": 16300000, "Duration": 2300000, "PronunciationAssessment": {"AccuracyScore": 70.0, "ErrorType": "Insertion"}, "Syllables": [{"Syllable": "", "PronunciationAssessment": {"AccuracyScore": 70.0}, "Offset": 16300000, "Duration": 2300000}], "Phonemes": [{"Phoneme": "", "PronunciationAssessment": {"AccuracyScore": 70.0}, "Offset": 16300000, "Duration": 2300000}]}, {"Word": "friend", "Offset": 18700000, "Duration": 5100000, "PronunciationAssessment": {"AccuracyScore": 97.0, "ErrorType": "None"}, "Syllables": [{"Syllable": "", "PronunciationAssessment": {"AccuracyScore": 92.0}, "Offset": 18700000, "Duration": 5100000}], "Phonemes": [{"Phoneme": "", "PronunciationAssessment": {"AccuracyScore": 89.0}, "Offset": 18700000, "Duration": 1100000}, {"Phoneme": "", "PronunciationAssessment": {"AccuracyScore": 100.0}, "Offset": 19900000, "Duration": 700000}, {"Phoneme": "", "PronunciationAssessment": {"AccuracyScore": 100.0}, "Offset": 20700000, "Duration": 500000}, {"Phoneme": "", "PronunciationAssessment": {"AccuracyScore": 100.0}, "Offset": 21300000, "Duration": 500000}, {"Phoneme": "", "PronunciationAssessment": {"AccuracyScore": 85.0}, "Offset": 21900000, "Duration": 1900000}]}]}]}}
{"timestamp": "2025-12-09 10:46:35.085840", "payload": {"Id": "2736d53886314729867fcb55469709fc", "RecognitionStatus": "Success", "Offset": 8200000, "Duration": 17200000, "Channel": 0, "DisplayText": "I have the work completed.", "SNR": 48.89949, "NBest": [{"Confidence": 0.97225225, "Lexical": "I have the work completed", "ITN": "I have the work completed", "MaskedITN": "i have the work completed", "Display": "I have the work completed.", "PronunciationAssessment": {"AccuracyScore": 79.0, "FluencyScore": 57.0, "CompletenessScore": 80.0, "PronScore": 66.0}, "Words": [{"Word": "I", "Offset": 8200000, "Duration": 3000000, "PronunciationAssessment": {"AccuracyScore": 100.0, "ErrorType": "None"}, "Syllables": [{"Syllable": "", "PronunciationAssessment": {"AccuracyScore": 100.0}, "Offset": 8200000, "Duration": 2000000}, {"Syllable": "", "PronunciationAssessment": {"AccuracyScore": 100.0}, "Offset": 10300000, "Duration": 900000}], "Phonemes": [{"Phoneme": "", "PronunciationAssessment": {"AccuracyScore": 100.0}, "Offset": 8200000, "Duration": 2000000}, {"Phoneme": "", "PronunciationAssessment": {"AccuracyScore": 100.0}, "Offset": 10300000, "Duration": 900000}]}, {"Word": "have", "Offset": 11300000, "Duration": 2500000, "PronunciationAssessment": {"AccuracyScore": 100.0, "ErrorType": "None"}, "Syllables": [{"Syllable": "", "PronunciationAssessment": {"AccuracyScore": 100.0}, "Offset": 11300000, "Duration": 2500000}], "Phonemes": [{"Phoneme": "", "PronunciationAssessment": {"AccuracyScore": 100.0}, "Offset": 11300000, "Duration": 900000}, {"Phoneme": "", "PronunciationAssessment": {"AccuracyScore": 100.0}, "Offset": 12300000, "Duration": 300000}, {"Phoneme": "", "PronunciationAssessment": {"AccuracyScore": 100.0}, "Offset": 12700000, "Duration": 1100000}]}, {"Word": "completed", "PronunciationAssessment": {"ErrorType": "Omission"}, "Phonemes": []}, {"Word": "the", "Offset": 13900000, "Duration": 1100000, "PronunciationAssessment": {"AccuracyScore": 100.0, "ErrorType": "None"}, "Syllables": [{"Syllable": "", "PronunciationAssessment": {"AccuracyScore": 100.0}, "Offset": 13900000, "Duration": 1100000}], "Phonemes": [{"Phoneme": "", "PronunciationAssessment": {"AccuracyScore": 100.0}, "Offset": 13900000, "Duration": 500000}, {"Phoneme": "", "PronunciationAssessment": {"AccuracyScore": 100.0}, "Offset": 14500000, "Duration": 500000}]}, {"Word": "work", "Offset": 15100000, "Duration": 2900000, "PronunciationAssessment": {"AccuracyScore": 97.0, "ErrorType": "None"}, "Syllables": [{"Syllable": "", "PronunciationAssessment": {"AccuracyScore": 97.0}, "Offset": 15100000, "Duration": 2900000}], "Phonemes": [{"Phoneme": "", "PronunciationAssessment": {"AccuracyScore": 97.0}, "Offset": 15100000, "Duration": 900000}, {"Phoneme": "", "PronunciationAssessment": {"AccuracyScore": 97.0}, "Offset": 16100000, "Duration": 500000}, {"Phoneme": "", "PronunciationAssessment": {"AccuracyScore": 97.0}, "Offset": 16700000, "Duration": 900000}, {"Phoneme": "", "PronunciationAssessment": {"AccuracyScore": 97.0}, "Offset": 17700000, "Duration": 300000}]}, {"Word": "completed", "Offset": 18100000, "Duration": 7300000, "PronunciationAssessment": {"AccuracyScore": 98.0, "ErrorType": "Insertion"}, "Syllables": [{"Syllable": "", "Grapheme": "com", "PronunciationAssessment": {"AccuracyScore": 98.0}, "Offset": 18100000, "Duration": 1900000}, {"Syllable": "", "Grapheme": "ple", "PronunciationAssessment": {"AccuracyScore": 98.0}, "Offset": 20100000, "Duration": 1800000}, {"Syllable": "", "Grapheme": "ted", "PronunciationAssessment": {"AccuracyScore": 98.0}, "Offset": 22000000, "Duration": 3400000}], "Phonemes": [{"Phoneme": "", "PronunciationAssessment": {"AccuracyScore": 98.0}, "Offset": 18100000, "Duration": 700000}, {"Phoneme": "", "PronunciationAssessment": {"AccuracyScore": 98.0}, "Offset": 18900000, "Duration": 300000}, {"Phoneme": "", "PronunciationAssessment": {"AccuracyScore": 98.0}, "Offset": 19300000, "Duration": 700000}, {"Phoneme": "", "PronunciationAssessment": {"AccuracyScore": 98.0}, "Offset": 20100000, "Duration": 700000}, {"Phoneme": "", "PronunciationAssessment": {"AccuracyScore": 98.0}, "Offset": 20900000, "Duration": 400000}, {"Phoneme": "", "PronunciationAssessment": {"AccuracyScore": 98.0}, "Offset": 21400000, "Duration": 500000}, {"Phoneme": "", "PronunciationAssessment": {"AccuracyScore": 98.0}, "Offset": 22000000, "Duration": 600000}, {"Phoneme": "", "PronunciationAssessment": {"AccuracyScore": 98.0}, "Offset": 22700000, "Duration": 700000}, {"Phoneme": "", "PronunciationAssessment": {"AccuracyScore": 98.0}, "Offset": 23500000, "Duration": 1900000}]}]}]}}
{"timestamp": "2025-12-09 10:49:27.105874", "payload": {"Id": "3a06674a4a0641cda463dfb0984d8ea5", "RecognitionStatus": "Success", "Offset": 9700000, "Duration": 19900000, "Channel": 0, "DisplayText": "I will write a letter.", "SNR": 42.32909, "NBest": [{"Confidence": 0.9711964, "Lexical": "i will write a letter", "ITN": "i will write a letter", "MaskedITN": "i will write a letter", "Display": "I will write a letter.", "PronunciationAssessment": {"AccuracyScore": 99.0, "FluencyScore": 98.0, "CompletenessScore": 100.0, "PronScore": 98.6}, "Words": [{"Word": "i", "Offset": 9700000, "Duration": 2700000, "PronunciationAssessment": {"AccuracyScore": 100.0, "ErrorType": "None"}, "Syllables": [{"Syllable": "", "PronunciationAssessment": {"AccuracyScore": 100.0}, "Offset": 9700000, "Duration": 2100000}, {"Syllable": "", "PronunciationAssessment": {"AccuracyScore": 100.0}, "Offset": 11900000, "Duration": 500000}], "Phonemes": [{"Phoneme": "", "PronunciationAssessment": {"AccuracyScore": 100.0}, "Offset": 9700000, "Duration": 2100000}, {"Phoneme": "", "PronunciationAssessment": {"AccuracyScore": 100.0}, "Offset": 11900000, "Duration": 500000}]}, {"Word": "will", "Offset": 12500000, "Duration": 4900000, "PronunciationAssessment": {"AccuracyScore": 100.0, "ErrorType": "None"}, "Syllables": [{"Syllable": "", "PronunciationAssessment": {"AccuracyScore": 100.0}, "Offset": 12500000, "Duration": 4900000}], "Phonemes": [{"Phoneme": "", "PronunciationAssessment": {"AccuracyScore": 100.0}, "Offset": 12500000, "Duration": 1000000}, {"Phoneme": "", "PronunciationAssessment": {"AccuracyScore": 100.0}, "Offset": 13600000, "Duration": 400000}, {"Phoneme": "", "PronunciationAssessment": {"AccuracyScore": 100.0}, "Offset": 14100000, "Duration": 3300000}]}, {"Word": "write", "Offset": 17700000, "Duration": 5300000, "PronunciationAssessment": {"AccuracyScore": 98.0, "ErrorType": "None"}, "Syllables": [{"Syllable": "", "PronunciationAssessment": {"AccuracyScore": 100.0}, "Offset": 17700000, "Duration": 2900000}, {"Syllable": "", "PronunciationAssessment": {"AccuracyScore": 91.0}, "Offset": 20700000, "Duration": 2300000}], "Phonemes": [{"Phoneme": "", "PronunciationAssessment": {"AccuracyScore": 100.0}, "Offset": 17700000, "Duration": 2100000}, {"Phoneme": "", "PronunciationAssessment": {"AccuracyScore": 100.0}, "Offset": 19900000, "Duration": 700000}, {"Phoneme": "", "PronunciationAssessment": {"AccuracyScore": 100.0}, "Offset": 20700000, "Duration": 1100000}, {"Phoneme": "", "PronunciationAssessment": {"AccuracyScore": 82.0}, "Offset": 21900000, "Duration": 1100000}]}, {"Word": "a", "Offset": 23300000, "Duration": 1100000, "PronunciationAssessment": {"AccuracyScore": 100.0, "ErrorType": "None"}, "Syllables": [{"Syllable": "", "PronunciationAssessment": {"AccuracyScore": 100.0}, "Offset": 23300000, "Duration": 1100000}], "Phonemes": [{"Phoneme": "", "PronunciationAssessment": {"AccuracyScore": 100.0}, "Offset": 23300000, "Duration": 1100000}]}, {"Word": "letter", "Offset": 24500000, "Duration": 5100000, "PronunciationAssessment": {"AccuracyScore": 98.0, "ErrorType": "None"}, "Syllables": [{"Syllable": "", "Grapheme": "let", "PronunciationAssessment": {"AccuracyScore": 100.0}, "Offset": 24500000, "Duration": 2100000}, {"Syllable": "", "Grapheme": "ter", "PronunciationAssessment": {"AccuracyScore": 82.0}, "Offset": 26700000, "Duration": 2900000}], "Phonemes": [{"Phoneme": "", "PronunciationAssessment": {"AccuracyScore": 100.0}, "Offset": 24500000, "Duration": 700000}, {"Phoneme": "", "PronunciationAssessment": {"AccuracyScore": 100.0}, "Offset": 25300000, "Duration": 500000}, {"Phoneme": "", "PronunciationAssessment": {"AccuracyScore": 100.0}, "Offset": 25900000, "Duration": 700000}, {"Phoneme": "", "PronunciationAssessment": {"AccuracyScore": 97.0}, "Offset": 26700000, "Duration": 500000}, {"Phoneme": "", "PronunciationAssessment": {"AccuracyScore": 78.0}, "Offset": 27300000, "Duration": 2300000}]}]}]}}
{"timestamp": "2025-12-09 10:53:20.974109", "payload": {"Id": "48a30c4035d44234a0fbe350bb60fbad", "RecognitionStatus": "Success", "Offset": 9900000, "Duration": 8900000, "Channel": 0, "DisplayText": "I agree.", "SNR": 50.77668, "NBest": [{"Confidence": 0.93405324, "Lexical": "I agree", "ITN": "I agree", "MaskedITN": "i agree", "Display": "I agree.", "PronunciationAssessment": {"AccuracyScore": 50.0, "FluencyScore": 100.0, "CompletenessScore": 50.0, "PronScore": 60.0}, "Words": [{"Word": "I", "Offset": 9900000, "Duration": 2700000, "PronunciationAssessment": {"AccuracyScore": 100.0, "ErrorType": "None"}, "Syllables": [{"Syllable": "", "PronunciationAssessment": {"AccuracyScore": 100.0}, "Offset": 9900000, "Duration": 1500000}, {"Syllable": "", "PronunciationAssessment": {"AccuracyScore": 100.0}, "Offset": 11500000, "Duration": 1100000}], "Phonemes": [{"Phoneme": "", "PronunciationAssessment": {"AccuracyScore": 100.0}, "Offset": 9900000, "Duration": 1500000}, {"Phoneme": "", "PronunciationAssessment": {"AccuracyScore": 100.0}, "Offset": 11500000, "Duration": 1100000}]}, {"Word": "do", "PronunciationAssessment": {"ErrorType": "Omission"}, "Phonemes": []}, {"Word": "not", "PronunciationAssessment": {"ErrorType": "Omission"}, "Phonemes": []}, {"Word": "agree", "Offset": 12700000, "Duration": 6100000, "PronunciationAssessment": {"AccuracyScore": 98.0, "ErrorType": "None"}, "Syllables": [{"Syllable": "", "Grapheme": "a", "PronunciationAssessment": {"AccuracyScore": 100.0}, "Offset": 12700000, "Duration": 700000}, {"Syllable": "", "Grapheme": "gree", "PronunciationAssessment": {"AccuracyScore": 93.0}, "Offset": 13500000, "Duration": 5300000}], "Phonemes": [{"Phoneme": "", "PronunciationAssessment": {"AccuracyScore": 100.0}, "Offset": 12700000, "Duration": 700000}, {"Phoneme": "", "PronunciationAssessment": {"AccuracyScore": 100.0}, "Offset": 13500000, "Duration": 700000}, {"Phoneme": "", "PronunciationAssessment": {"AccuracyScore": 100.0}, "Offset": 14300000, "Duration": 1300000}, {"Phoneme": "", "PronunciationAssessment": {"AccuracyScore": 88.0}, "Offset": 15700000, "Duration": 3100000}]}]}]}}
{"timestamp": "2025-12-09 10:53:49.910662", "payload": {"Id": "83be51b7417a4036a70fc79c18a075d9", "RecognitionStatus": "Success", "Offset": 8800000, "Duration": 14600000, "Channel": 0, "DisplayText": "She yesterday.", "SNR": 41.540432, "NBest": [{"Confidence": 0.9588252, "Lexical": "She yesterday", "ITN": "She yesterday", "MaskedITN": "she yesterday", "Display": "She yesterday.", "PronunciationAssessment": {"AccuracyScore": 65.0, "FluencyScore": 86.0, "CompletenessScore": 67.0, "PronScore": 69.6}, "Words": [{"Word": "She", "Offset": 8800000, "Duration": 5100000, "PronunciationAssessment": {"AccuracyScore": 100.0, "ErrorType": "None"}, "Syllables": [{"Syllable": "", "PronunciationAssessment": {"AccuracyScore": 100.0}, "Offset": 8800000, "Duration": 5100000}], "Phonemes": [{"Phoneme": "", "PronunciationAssessment": {"AccuracyScore": 100.0}, "Offset": 8800000, "Duration": 2900000}, {"Phoneme": "", "PronunciationAssessment": {"AccuracyScore": 100.0}, "Offset": 11800000, "Duration": 2100000}]}, {"Word": "went", "PronunciationAssessment": {"ErrorType": "Omission"}, "Phonemes": []}, {"Word": "yesterday", "Offset": 16000000, "Duration": 7400000, "PronunciationAssessment": {"AccuracyScore": 94.0, "ErrorType": "None"}, "Syllables": [{"Syllable": "", "Grapheme": "yes", "PronunciationAssessment": {"AccuracyScore": 72.0}, "Offset": 16000000, "Duration": 2700000}, {"Syllable": "", "Grapheme": "ter", "PronunciationAssessment": {"AccuracyScore": 99.0}, "Offset": 18800000, "Duration": 2300000}, {"Syllable": "", "Grapheme": "day", "PronunciationAssessment": {"AccuracyScore": 100.0}, "Offset": 21200000, "Duration": 2200000}], "Phonemes": [{"Phoneme": "", "PronunciationAssessment": {"AccuracyScore": 64.0}, "Offset": 16000000, "Duration": 2100000}, {"Phoneme": "", "PronunciationAssessment": {"AccuracyScore": 100.0}, "Offset": 18200000, "Duration": 500000}, {"Phoneme": "", "PronunciationAssessment": {"AccuracyScore": 100.0}, "Offset": 18800000, "Duration": 700000}, {"Phoneme": "", "PronunciationAssessment": {"AccuracyScore": 100.0}, "Offset": 19600000, "Duration": 700000}, {"Phoneme": "", "PronunciationAssessment": {"AccuracyScore": 93.0}, "Offset": 20400000, "Duration": 200000}, {"Phoneme": "", "PronunciationAssessment": {"AccuracyScore": 100.0}, "Offset": 20700000, "Duration": 400000}, {"Phoneme": "", "PronunciationAssessment": {"AccuracyScore": 100.0}, "Offset": 21200000, "Duration": 700000}, {"Phoneme": "", "PronunciationAssessment": {"AccuracyScore": 100.0}, "Offset": 22000000, "Duration": 1400000}]}]}]}}
{"timestamp": "2025-12-09 10:55:05.344596", "payload": {"Id": "7f67c0061ccc4a189c944ada42f626ca", "RecognitionStatus": "Success", "Offset": 9000000, "Duration": 14100000, "Channel": 0, "DisplayText": "I will write a letter.", "SNR": 54.33325, "NBest": [{"Confidence": 0.96965706, "Lexical": "i will write a letter", "ITN": "i will write a letter", "MaskedITN": "i will write a letter", "Display": "I will write a letter.", "PronunciationAssessment": {"AccuracyScore": 99.0, "FluencyScore": 100.0, "CompletenessScore": 100.0, "PronScore": 99.4}, "Words": [{"Word": "i", "Offset": 9000000, "Duration": 2100000, "PronunciationAssessment": {"AccuracyScore": 100.0, "ErrorType": "None"}, "Syllables": [{"Syllable": "", "PronunciationAssessment": {"AccuracyScore": 100.0}, "Offset": 9000000, "Duration": 1100000}, {"Syllable": "", "PronunciationAssessment": {"AccuracyScore": 100.0}, "Offset": 10200000, "Duration": 900000}], "Phonemes": [{"Phoneme": "", "PronunciationAssessment": {"AccuracyScore": 100.0}, "Offset": 9000000, "Duration": 1100000}, {"Phoneme": "", "PronunciationAssessment": {"AccuracyScore": 100.0}, "Offset": 10200000, "Duration": 900000}]}, {"Word": "will", "Offset": 11200000, "Duration": 2700000, "PronunciationAssessment": {"AccuracyScore": 100.0, "ErrorType": "None"}, "Syllables": [{"Syllable": "", "PronunciationAssessment": {"AccuracyScore": 100.0}, "Offset": 11200000, "Duration": 2700000}], "Phonemes": [{"Phoneme": "", "PronunciationAssessment": {"AccuracyScore": 100.0}, "Offset": 11200000, "Duration": 900000}, {"Phoneme": "", "PronunciationAssessment": {"AccuracyScore": 100.0}, "Offset": 12200000, "Duration": 500000}, {"Phoneme": "", "PronunciationAssessment": {"AccuracyScore": 100.0}, "Offset": 12800000, "Duration": 1100000}]}, {"Word": "write", "Offset": 14000000, "Duration": 2900000, "PronunciationAssessment": {"AccuracyScore": 98.0, "ErrorType": "None"}, "Syllables": [{"Syllable": "", "PronunciationAssessment": {"AccuracyScore": 98.0}, "Offset": 14000000, "Duration": 1100000}, {"Syllable": "", "PronunciationAssessment": {"AccuracyScore": 98.0}, "Offset": 15200000, "Duration": 1700000}], "Phonemes": [{"Phoneme": "", "PronunciationAssessment": {"AccuracyScore": 98.0}, "Offset": 14000000, "Duration": 500000}, {"Phoneme": "", "PronunciationAssessment": {"AccuracyScore": 98.0}, "Offset": 14600000, "Duration": 500000}, {"Phoneme": "", "PronunciationAssessment": {"AccuracyScore": 98.0}, "Offset": 15200000, "Duration": 900000}, {"Phoneme": "", "PronunciationAssessment": {"AccuracyScore": 98.0}, "Offset": 16200000, "Duration": 700000}]}, {"Word": "a", "Offset": 17000000, "Duration": 300000, "PronunciationAssessment": {"AccuracyScore": 100.0, "ErrorType": "None"}, "Syllables": [{"Syllable": "", "PronunciationAssessment": {"AccuracyScore": 100.0}, "Offset": 17000000, "Duration": 300000}], "Phonemes": [{"Phoneme": "", "PronunciationAssessment": {"AccuracyScore": 100.0}, "Offset": 17000000, "Duration": 300000}]}, {"Word": "letter", "Offset": 17400000, "Duration": 5700000, "PronunciationAssessment": {"AccuracyScore": 97.0, "ErrorType": "None"}, "Syllables": [{"Syllable": "", "Grapheme": "let", "PronunciationAssessment": {"AccuracyScore": 100.0}, "Offset": 17400000, "Duration": 2100000}, {"Syllable": "", "Grapheme": "ter", "PronunciationAssessment": {"AccuracyScore": 81.0}, "Offset": 19600000, "Duration": 3500000}], "Phonemes": [{"Phoneme": "", "PronunciationAssessment": {"AccuracyScore": 100.0}, "Offset": 17400000, "Duration": 500000}, {"Phoneme": "", "PronunciationAssessment": {"AccuracyScore": 100.0}, "Offset": 18000000, "Duration": 700000}, {"Phoneme": "", "PronunciationAssessment": {"AccuracyScore": 100.0}, "Offset": 18800000, "Duration": 700000}, {"Phoneme": "", "PronunciationAssessment": {"AccuracyScore": 100.0}, "Offset": 19600000, "Duration": 500000}, {"Phoneme": "", "PronunciationAssessment": {"AccuracyScore": 77.0}, "Offset": 20200000, "Duration": 2900000}]}]}]}}
{"timestamp": "2025-12-09 10:55:25.484461", "payload": {"Id": "3c8e617e763841a9ae3789f182ca3d2e", "RecognitionStatus": "Success", "Offset": 6900000, "Duration": 11800000, "Channel": 0, "DisplayText": "You are right.", "SNR": 53.31728, "NBest": [{"Confidence": 0.97628164, "Lexical": "you are right", "ITN": "you are right", "MaskedITN": "you are right", "Display": "You are right.", "PronunciationAssessment": {"AccuracyScore": 100.0, "FluencyScore": 100.0, "CompletenessScore": 100.0, "PronScore": 100.0}, "Words": [{"Word": "you", "Offset": 6900000, "Duration": 5000000, "PronunciationAssessment": {"AccuracyScore": 100.0, "ErrorType": "None"}, "Syllables": [{"Syllable": "", "PronunciationAssessment": {"AccuracyScore": 100.0}, "Offset": 6900000, "Duration": 5000000}], "Phonemes": [{"Phoneme": "", "PronunciationAssessment": {"AccuracyScore": 100.0}, "Offset": 6900000, "Duration": 2800000}, {"Phoneme": "", "PronunciationAssessment": {"AccuracyScore": 100.0}, "Offset": 9800000, "Duration": 2100000}]}, {"Word": "are", "Offset": 12000000, "Duration": 1500000, "PronunciationAssessment": {"AccuracyScore": 100.0, "ErrorType": "None"}, "Syllables": [{"Syllable": "", "PronunciationAssessment": {"AccuracyScore": 100.0}, "Offset": 12000000, "Duration": 1500000}], "Phonemes": [{"Phoneme": "", "PronunciationAssessment": {"AccuracyScore": 100.0}, "Offset": 12000000, "Duration": 700000}, {"Phoneme": "", "PronunciationAssessment": {"AccuracyScore": 100.0}, "Offset": 12800000, "Duration": 700000}]}, {"Word": "right", "Offset": 13600000, "Duration": 5100000, "PronunciationAssessment": {"AccuracyScore": 100.0, "ErrorType": "None"}, "Syllables": [{"Syllable": "", "PronunciationAssessment": {"AccuracyScore": 100.0}, "Offset": 13600000, "Duration": 1300000}, {"Syllable": "", "PronunciationAssessment": {"AccuracyScore": 100.0}, "Offset": 15000000, "Duration": 3700000}], "Phonemes": [{"Phoneme": "", "PronunciationAssessment": {"AccuracyScore": 100.0}, "Offset": 13600000, "Duration": 500000}, {"Phoneme": "", "PronunciationAssessment": {"AccuracyScore": 100.0}, "Offset": 14200000, "Duration": 700000}, {"Phoneme": "", "PronunciationAssessment": {"AccuracyScore": 100.0}, "Offset": 15000000, "Duration": 1300000}, {"Phoneme": "", "PronunciationAssessment": {"AccuracyScore": 100.0}, "Offset": 16400000, "Duration": 2300000}]}]}]}}
{"timestamp": "2025-12-09 10:56:58.199141", "payload": {"Id": "d56dec092d53499a9b82a1c5a9f950c4", "RecognitionStatus": "Success", "Offset": 10200000, "Duration": 12900000, "Channel": 0, "DisplayText": "He is my manager.", "SNR": 45.5429, "NBest": [{"Confidence": 0.9573491, "Lexical": "He is my manager", "ITN": "He is my manager", "MaskedITN": "he is my manager", "Display": "He is my manager.", "PronunciationAssessment": {"AccuracyScore": 98.0, "FluencyScore": 100.0, "CompletenessScore": 100.0, "PronScore": 98.8}, "Words": [{"Word": "He", "Offset": 10200000, "Duration": 2900000, "PronunciationAssessment": {"AccuracyScore": 97.0, "ErrorType": "None"}, "Syllables": [{"Syllable": "", "PronunciationAssessment": {"AccuracyScore": 78.0}, "Offset": 10200000, "Duration": 2900000}], "Phonemes": [{"Phoneme": "", "PronunciationAssessment": {"AccuracyScore": 70.0}, "Offset": 10200000, "Duration": 2100000}, {"Phoneme": "", "PronunciationAssessment": {"AccuracyScore": 100.0}, "Offset": 12400000, "Duration": 700000}]}, {"Word": "is", "Offset": 13200000, "Duration": 1500000, "PronunciationAssessment": {"AccuracyScore": 100.0, "ErrorType": "None"}, "Syllables": [{"Syllable": "", "PronunciationAssessment": {"AccuracyScore": 100.0}, "Offset": 13200000, "Duration": 1500000}], "Phonemes": [{"Phoneme": "", "PronunciationAssessment": {"AccuracyScore": 100.0}, "Offset": 13200000, "Duration": 700000}, {"Phoneme": "", "PronunciationAssessment": {"AccuracyScore": 100.0}, "Offset": 14000000, "Duration": 700000}]}, {"Word": "my", "Offset": 14800000, "Duration": 1700000, "PronunciationAssessment": {"AccuracyScore": 100.0, "ErrorType": "None"}, "Syllables": [{"Syllable": "", "PronunciationAssessment": {"AccuracyScore": 100.0}, "Offset": 14800000, "Duration": 1300000}, {"Syllable": "", "PronunciationAssessment": {"AccuracyScore": 100.0}, "Offset": 16200000, "Duration": 300000}], "Phonemes": [{"Phoneme": "", "PronunciationAssessment": {"AccuracyScore": 100.0}, "Offset": 14800000, "Duration": 700000}, {"Phoneme": "", "PronunciationAssessment": {"AccuracyScore": 100.0}, "Offset": 15600000, "Duration": 500000}, {"Phoneme": "", "PronunciationAssessment": {"AccuracyScore": 100.0}, "Offset": 16200000, "Duration": 300000}]}, {"Word": "manager", "Offset": 16600000, "Duration": 6500000, "PronunciationAssessment": {"AccuracyScore": 97.0, "ErrorType": "None"}, "Syllables": [{"Syllable": "", "Grapheme": "man", "PronunciationAssessment": {"AccuracyScore": 100.0}, "Offset": 16600000, "Duration": 1300000}, {"Syllable": "", "Grapheme": "a", "PronunciationAssessment": {"AccuracyScore": 100.0}, "Offset": 18000000, "Duration": 1300000}, {"Syllable": "", "Grapheme": "ger", "PronunciationAssessment": {"AccuracyScore": 87.0}, "Offset": 19400000, "Duration": 3700000}], "Phonemes": [{"Phoneme": "", "PronunciationAssessment": {"AccuracyScore": 100.0}, "Offset": 16600000, "Duration": 700000}, {"Phoneme": "", "PronunciationAssessment": {"AccuracyScore": 100.0}, "Offset": 17400000, "Duration": 500000}, {"Phoneme": "", "PronunciationAssessment": {"AccuracyScore": 100.0}, "Offset": 18000000, "Duration": 700000}, {"Phoneme": "", "PronunciationAssessment": {"AccuracyScore": 100.0}, "Offset": 18800000, "Duration": 500000}, {"Phoneme": "", "PronunciationAssessment": {"AccuracyScore": 100.0}, "Offset": 19400000, "Duration": 700000}, {"Phoneme": "", "PronunciationAssessment": {"AccuracyScore": 100.0}, "Offset": 20200000, "Duration": 700000}, {"Phoneme": "", "PronunciationAssessment": {"AccuracyScore": 77.0}, "Offset": 21000000, "Duration": 2100000}]}]}]}}
{"timestamp": "2025-12-09 10:57:44.724724", "payload": {"Id": "1d662c62bb844c57aa055f1e2b350d3a", "RecognitionStatus": "Success", "Offset": 11400000, "Duration": 14900000, "Channel": 0, "DisplayText": "She is my manager.", "SNR": 50.64967, "NBest": [{"Confidence": 0.9678495, "Lexical": "she is my manager", "ITN": "she is my manager", "MaskedITN": "she is my manager", "Display": "She is my manager.", "PronunciationAssessment": {"AccuracyScore": 98.0, "FluencyScore": 100.0, "CompletenessScore": 100.0, "PronScore": 98.8}, "Words": [{"Word": "she", "Offset": 11400000, "Duration": 3700000, "PronunciationAssessment": {"AccuracyScore": 98.0, "ErrorType": "None"}, "Syllables": [{"Syllable": "", "PronunciationAssessment": {"AccuracyScore": 71.0}, "Offset": 11400000, "Duration": 3700000}], "Phonemes": [{"Phoneme": "", "PronunciationAssessment": {"AccuracyScore": 44.0}, "Offset": 11400000, "Duration": 1900000}, {"Phoneme": "", "PronunciationAssessment": {"AccuracyScore": 100.0}, "Offset": 13400000, "Duration": 1700000}]}, {"Word": "is", "Offset": 15200000, "Duration": 2100000, "PronunciationAssessment": {"AccuracyScore": 100.0, "ErrorType": "None"}, "Syllables": [{"Syllable": "", "PronunciationAssessment": {"AccuracyScore": 100.0}, "Offset": 15200000, "Duration": 2100000}], "Phonemes": [{"Phoneme": "", "PronunciationAssessment": {"AccuracyScore": 100.0}, "Offset": 15200000, "Duration": 1300000}, {"Phoneme": "", "PronunciationAssessment": {"AccuracyScore": 100.0}, "Offset": 16600000, "Duration": 700000}]}, {"Word": "my", "Offset": 17400000, "Duration": 1700000, "PronunciationAssessment": {"AccuracyScore": 100.0, "ErrorType": "None"}, "Syllables": [{"Syllable": "", "PronunciationAssessment": {"AccuracyScore": 100.0}, "Offset": 17400000, "Duration": 1100000}, {"Syllable": "", "PronunciationAssessment": {"AccuracyScore": 100.0}, "Offset": 18600000, "Duration": 500000}], "Phonemes": [{"Phoneme": "", "PronunciationAssessment": {"AccuracyScore": 100.0}, "Offset": 17400000, "Duration": 600000}, {"Phoneme": "", "PronunciationAssessment": {"AccuracyScore": 100.0}, "Offset": 18100000, "Duration": 400000}, {"Phoneme": "", "PronunciationAssessment": {"AccuracyScore": 100.0}, "Offset": 18600000, "Duration": 500000}]}, {"Word": "manager", "Offset": 19200000, "Duration": 7100000, "PronunciationAssessment": {"AccuracyScore": 96.0, "ErrorType": "None"}, "Syllables": [{"Syllable": "", "Grapheme": "man", "PronunciationAssessment": {"AccuracyScore": 100.0}, "Offset": 19200000, "Duration": 1200000}, {"Syllable": "", "Grapheme": "a", "PronunciationAssessment": {"AccuracyScore": 100.0}, "Offset": 20500000, "Duration": 1200000}, {"Syllable": "", "Grapheme": "ger", "PronunciationAssessment": {"AccuracyScore": 83.0}, "Offset": 21800000, "Duration": 4500000}], "Phonemes": [{"Phoneme": "", "PronunciationAssessment": {"AccuracyScore": 100.0}, "Offset": 19200000, "Duration": 500000}, {"Phoneme": "", "PronunciationAssessment": {"AccuracyScore": 100.0}, "Offset": 19800000, "Duration": 600000}, {"Phoneme": "", "PronunciationAssessment": {"AccuracyScore": 100.0}, "Offset": 20500000, "Duration": 700000}, {"Phoneme": "", "PronunciationAssessment": {"AccuracyScore": 100.0}, "Offset": 21300000, "Duration": 400000}, {"Phoneme": "", "PronunciationAssessment": {"AccuracyScore": 100.0}, "Offset": 21800000, "Duration": 900000}, {"Phoneme": "", "PronunciationAssessment": {"AccuracyScore": 100.0}, "Offset": 22800000, "Duration": 700000}, {"Phoneme": "", "PronunciationAssessment": {"AccuracyScore": 72.0}, "Offset": 23600000, "Duration": 2700000}]}]}]}}
{"timestamp": "2025-12-09 10:58:17.904960", "payload": {"Id": "db8f9c3ec3c74e0bb910428af3fd6698", "RecognitionStatus": "Success", "Offset": 9300000, "Duration": 16800000, "Channel": 0, "DisplayText": "I have I friends.", "SNR": 47.52259, "NBest": [{"Confidence": 0.94836414, "Lexical": "I have I friends", "ITN": "I have I friends", "MaskedITN": "i have i friends", "Display": "I have I friends.", "PronunciationAssessment": {"AccuracyScore": 75.0, "FluencyScore": 82.0, "CompletenessScore": 75.0, "PronScore": 76.4}, "Words": [{"Word": "I", "Offset": 9300000, "Duration": 3200000, "PronunciationAssessment": {"AccuracyScore": 100.0, "ErrorType": "None"}, "Syllables": [{"Syllable": "", "PronunciationAssessment": {"AccuracyScore": 100.0}, "Offset": 9300000, "Duration": 2000000}, {"Syllable": "", "PronunciationAssessment": {"AccuracyScore": 100.0}, "Offset": 11400000, "Duration": 1100000}], "Phonemes": [{"Phoneme": "", "PronunciationAssessment": {"AccuracyScore": 100.0}, "Offset": 9300000, "Duration": 2000000}, {"Phoneme": "", "PronunciationAssessment": {"AccuracyScore": 100.0}, "Offset": 11400000, "Duration": 1100000}]}, {"Word": "have", "Offset": 12600000, "Duration": 4600000, "PronunciationAssessment": {"AccuracyScore": 100.0, "ErrorType": "None"}, "Syllables": [{"Syllable": "", "PronunciationAssessment": {"AccuracyScore": 100.0}, "Offset": 12600000, "Duration": 4600000}], "Phonemes": [{"Phoneme": "", "PronunciationAssessment": {"AccuracyScore": 100.0}, "Offset": 12600000, "Duration": 1100000}, {"Phoneme": "", "PronunciationAssessment": {"AccuracyScore": 100.0}, "Offset": 13800000, "Duration": 700000}, {"Phoneme": "", "PronunciationAssessment": {"AccuracyScore": 100.0}, "Offset": 14600000, "Duration": 2600000}]}, {"Word": "I", "Offset": 18000000, "Duration": 2300000, "PronunciationAssessment": {"AccuracyScore": 100.0, "ErrorType": "Insertion"}, "Syllables": [{"Syllable": "", "PronunciationAssessment": {"AccuracyScore": 100.0}, "Offset": 18000000, "Duration": 2300000}], "Phonemes": [{"Phoneme": "", "PronunciationAssessment": {"AccuracyScore": 100.0}, "Offset": 18000000, "Duration": 2300000}]}, {"Word": "many", "PronunciationAssessment": {"ErrorType": "Omission"}, "Phonemes": []}, {"Word": "friends", "Offset": 20400000, "Duration": 5700000, "PronunciationAssessment": {"AccuracyScore": 100.0, "ErrorType": "None"}, "Syllables": [{"Syllable": "", "PronunciationAssessment": {"AccuracyScore": 100.0}, "Offset": 20400000, "Duration": 5700000}], "Phonemes": [{"Phoneme": "", "PronunciationAssessment": {"AccuracyScore": 100.0}, "Offset": 20400000, "Duration": 700000}, {"Phoneme": "", "PronunciationAssessment": {"AccuracyScore": 100.0}, "Offset": 21200000, "Duration": 700000}, {"Phoneme": "", "PronunciationAssessment": {"AccuracyScore": 100.0}, "Offset": 22000000, "Duration": 500000}, {"Phoneme": "", "PronunciationAssessment": {"AccuracyScore": 100.0}, "Offset": 22600000, "Duration": 300000}, {"Phoneme": "", "PronunciationAssessment": {"AccuracyScore": 100.0}, "Offset": 23000000, "Duration": 1100000}, {"Phoneme": "", "PronunciationAssessment": {"AccuracyScore": 100.0}, "Offset": 24200000, "Duration": 1900000}]}]}]}}
{"timestamp": "2025-12-09 11:02:02.928561", "payload": {"Id": "4ec806afd2084217894ef09ba841ff44", "RecognitionStatus": "Success", "Offset": 13600000, "Duration": 19600000, "Channel": 0, "DisplayText": "Think before you speak.", "SNR": 48.033714, "NBest": [{"Confidence": 0.9837564, "Lexical": "Think before you speak", "ITN": "Think before you speak", "MaskedITN": "think before you speak", "Display": "Think before you speak.", "PronunciationAssessment": {"AccuracyScore": 99.0, "FluencyScore": 100.0, "CompletenessScore": 100.0, "PronScore": 99.4}, "Words": [{"Word": "Think", "Offset": 13600000, "Duration": 4500000, "PronunciationAssessment": {"AccuracyScore": 98.0, "ErrorType": "None"}, "Syllables": [{"Syllable": "", "PronunciationAssessment": {"AccuracyScore": 95.0}, "Offset": 13600000, "Duration": 4500000}], "Phonemes": [{"Phoneme": "", "PronunciationAssessment": {"AccuracyScore": 92.0}, "Offset": 13600000, "Duration": 1500000}, {"Phoneme": "", "PronunciationAssessment": {"AccuracyScore": 86.0}, "Offset": 15200000, "Duration": 500000}, {"Phoneme": "", "PronunciationAssessment": {"AccuracyScore": 100.0}, "Offset": 15800000, "Duration": 1100000}, {"Phoneme": "", "PronunciationAssessment": {"AccuracyScore": 100.0}, "Offset": 17000000, "Duration": 1100000}]}, {"Word": "before", "Offset": 18200000, "Duration": 3900000, "PronunciationAssessment": {"AccuracyScore": 100.0, "ErrorType": "None"}, "Syllables": [{"Syllable": "", "Grapheme": "be", "PronunciationAssessment": {"AccuracyScore": 100.0}, "Offset": 18200000, "Duration": 1100000}, {"Syllable": "", "Grapheme": "fore", "PronunciationAssessment": {"AccuracyScore": 100.0}, "Offset": 19400000, "Duration": 2700000}], "Phonemes": [{"Phoneme": "", "PronunciationAssessment": {"AccuracyScore": 100.0}, "Offset": 18200000, "Duration": 300000}, {"Phoneme": "", "PronunciationAssessment": {"AccuracyScore": 100.0}, "Offset": 18600000, "Duration": 700000}, {"Phoneme": "", "PronunciationAssessment": {"AccuracyScore": 100.0}, "Offset": 19400000, "Duration": 900000}, {"Phoneme": "", "PronunciationAssessment": {"AccuracyScore": 100.0}, "Offset": 20400000, "Duration": 400000}, {"Phoneme": "", "PronunciationAssessment": {"AccuracyScore": 100.0}, "Offset": 20900000, "Duration": 1200000}]}, {"Word": "you", "Offset": 22200000, "Duration": 1300000, "PronunciationAssessment": {"AccuracyScore": 100.0, "ErrorType": "None"}, "Syllables": [{"Syllable": "", "PronunciationAssessment": {"AccuracyScore": 100.0}, "Offset": 22200000, "Duration": 1300000}], "Phonemes": [{"Phoneme": "", "PronunciationAssessment": {"AccuracyScore": 100.0}, "Offset": 22200000, "Duration": 500000}, {"Phoneme": "", "PronunciationAssessment": {"AccuracyScore": 100.0}, "Offset": 22800000, "Duration": 700000}]}, {"Word": "speak", "Offset": 23600000, "Duration": 9600000, "PronunciationAssessment": {"AccuracyScore": 97.0, "ErrorType": "None"}, "Syllables": [{"Syllable": "", "PronunciationAssessment": {"AccuracyScore": 72.0}, "Offset": 23600000, "Duration": 9600000}], "Phonemes": [{"Phoneme": "", "PronunciationAssessment": {"AccuracyScore": 100.0}, "Offset": 23600000, "Duration": 900000}, {"Phoneme": "", "PronunciationAssessment": {"AccuracyScore": 100.0}, "Offset": 24600000, "Duration": 700000}, {"Phoneme": "", "PronunciationAssessment": {"AccuracyScore": 100.0}, "Offset": 25400000, "Duration": 1500000}, {"Phoneme": "", "PronunciationAssessment": {"AccuracyScore": 57.0}, "Offset": 27000000, "Duration": 6200000}]}]}]}}
{"timestamp": "2025-12-09 11:02:19.382590", "payload": {"Id": "3bd6d212d4e348478adae5bcd815801c", "RecognitionStatus": "Success", "Offset": 18100000, "Duration": 17300000, "Channel": 0, "DisplayText": "Think before you speak.", "SNR": 37.728752, "NBest": [{"Confidence": 0.9690899, "Lexical": "Think before you speak", "ITN": "Think before you speak", "MaskedITN": "think before you speak", "Display": "Think before you speak.", "PronunciationAssessment": {"AccuracyScore": 98.0, "FluencyScore": 100.0, "CompletenessScore": 100.0, "PronScore": 98.8}, "Words": [{"Word": "Think", "Offset": 18100000, "Duration": 4300000, "PronunciationAssessment": {"AccuracyScore": 96.0, "ErrorType": "None"}, "Syllables": [{"Syllable": "", "PronunciationAssessment": {"AccuracyScore": 87.0}, "Offset": 18100000, "Duration": 4300000}], "Phonemes": [{"Phoneme": "", "PronunciationAssessment": {"AccuracyScore": 74.0}, "Offset": 18100000, "Duration": 1100000}, {"Phoneme": "", "PronunciationAssessment": {"AccuracyScore": 68.0}, "Offset": 19300000, "Duration": 700000}, {"Phoneme": "", "PronunciationAssessment": {"AccuracyScore": 100.0}, "Offset": 20100000, "Duration": 1100000}, {"Phoneme": "", "PronunciationAssessment": {"AccuracyScore": 100.0}, "Offset": 21300000, "Duration": 1100000}]}, {"Word": "before", "Offset": 22500000, "Duration": 3900000, "PronunciationAssessment": {"AccuracyScore": 100.0, "ErrorType": "None"}, "Syllables": [{"Syllable": "", "Grapheme": "be", "PronunciationAssessment": {"AccuracyScore": 100.0}, "Offset": 22500000, "Duration": 1300000}, {"Syllable": "", "Grapheme": "fore", "PronunciationAssessment": {"AccuracyScore": 100.0}, "Offset": 23900000, "Duration": 2500000}], "Phonemes": [{"Phoneme": "", "PronunciationAssessment": {"AccuracyScore": 100.0}, "Offset": 22500000, "Duration": 500000}, {"Phoneme": "", "PronunciationAssessment": {"AccuracyScore": 100.0}, "Offset": 23100000, "Duration": 700000}, {"Phoneme": "", "PronunciationAssessment": {"AccuracyScore": 100.0}, "Offset": 23900000, "Duration": 900000}, {"Phoneme": "", "PronunciationAssessment": {"AccuracyScore": 100.0}, "Offset": 24900000, "Duration": 300000}, {"Phoneme": "", "PronunciationAssessment": {"AccuracyScore": 100.0}, "Offset": 25300000, "Duration": 1100000}]}, {"Word": "you", "Offset": 26500000, "Duration": 700000, "PronunciationAssessment": {"AccuracyScore": 100.0, "ErrorType": "None"}, "Syllables": [{"Syllable": "", "PronunciationAssessment": {"AccuracyScore": 100.0}, "Offset": 26500000, "Duration": 700000}], "Phonemes": [{"Phoneme": "", "PronunciationAssessment": {"AccuracyScore": 100.0}, "Offset": 26500000, "Duration": 300000}, {"Phoneme": "", "PronunciationAssessment": {"AccuracyScore": 100.0}, "Offset": 26900000, "Duration": 300000}]}, {"Word": "speak", "Offset": 27300000, "Duration": 8100000, "PronunciationAssessment": {"AccuracyScore": 98.0, "ErrorType": "None"}, "Syllables": [{"Syllable": "", "PronunciationAssessment": {"AccuracyScore": 79.0}, "Offset": 27300000, "Duration": 8100000}], "Phonemes": [{"Phoneme": "", "PronunciationAssessment": {"AccuracyScore": 100.0}, "Offset": 27300000, "Duration": 1100000}, {"Phoneme": "", "PronunciationAssessment": {"AccuracyScore": 100.0}, "Offset": 28500000, "Duration": 700000}, {"Phoneme": "", "PronunciationAssessment": {"AccuracyScore": 100.0}, "Offset": 29300000, "Duration": 900000}, {"Phoneme": "", "PronunciationAssessment": {"AccuracyScore": 67.0}, "Offset": 30300000, "Duration": 5100000}]}]}]}}
{"timestamp": "2025-12-09 11:03:25.408142", "payload": {"Id": "d7467a2bfb464cd885b738abe87e98c2", "RecognitionStatus": "Success", "Offset": 10000000, "Duration": 14900000, "Channel": 0, "DisplayText": "Think before you speak.", "SNR": 42.028885, "NBest": [{"Confidence": 0.9863615, "Lexical": "Think before you speak", "ITN": "Think before you speak", "MaskedITN": "think before you speak", "Display": "Think before you speak.", "PronunciationAssessment": {"AccuracyScore": 99.0, "FluencyScore": 100.0, "CompletenessScore": 100.0, "PronScore": 99.4}, "Words": [{"Word": "Think", "Offset": 10000000, "Duration": 4000000, "PronunciationAssessment": {"AccuracyScore": 98.0, "ErrorType": "None"}, "Syllables": [{"Syllable": "", "PronunciationAssessment": {"AccuracyScore": 88.0}, "Offset": 10000000, "Duration": 4000000}], "Phonemes": [{"Phoneme": "", "PronunciationAssessment": {"AccuracyScore": 88.0}, "Offset": 10000000, "Duration": 1200000}, {"Phoneme": "", "PronunciationAssessment": {"AccuracyScore": 92.0}, "Offset": 11300000, "Duration": 500000}, {"Phoneme": "", "PronunciationAssessment": {"AccuracyScore": 100.0}, "Offset": 11900000, "Duration": 1100000}, {"Phoneme": "", "PronunciationAssessment": {"AccuracyScore": 72.0}, "Offset": 13100000, "Duration": 900000}]}, {"Word": "before", "Offset": 14100000, "Duration": 3700000, "PronunciationAssessment": {"AccuracyScore": 98.0, "ErrorType": "None"}, "Syllables": [{"Syllable": "", "Grapheme": "be", "PronunciationAssessment": {"AccuracyScore": 95.0}, "Offset": 14100000, "Duration": 900000}, {"Syllable": "", "Grapheme": "fore", "PronunciationAssessment": {"AccuracyScore": 99.0}, "Offset": 15100000, "Duration": 2700000}], "Phonemes": [{"Phoneme": "", "PronunciationAssessment": {"AccuracyScore": 99.0}, "Offset": 14100000, "Duration": 300000}, {"Phoneme": "", "PronunciationAssessment": {"AccuracyScore": 93.0}, "Offset": 14500000, "Duration": 500000}, {"Phoneme": "", "PronunciationAssessment": {"AccuracyScore": 100.0}, "Offset": 15100000, "Duration": 900000}, {"Phoneme": "", "PronunciationAssessment": {"AccuracyScore": 98.0}, "Offset": 16100000, "Duration": 500000}, {"Phoneme": "", "PronunciationAssessment": {"AccuracyScore": 98.0}, "Offset": 16700000, "Duration": 1100000}]}, {"Word": "you", "Offset": 17900000, "Duration": 700000, "PronunciationAssessment": {"AccuracyScore": 100.0, "ErrorType": "None"}, "Syllables": [{"Syllable": "", "PronunciationAssessment": {"AccuracyScore": 100.0}, "Offset": 17900000, "Duration": 700000}], "Phonemes": [{"Phoneme": "", "PronunciationAssessment": {"AccuracyScore": 100.0}, "Offset": 17900000, "Duration": 200000}, {"Phoneme": "", "PronunciationAssessment": {"AccuracyScore": 100.0}, "Offset": 18200000, "Duration": 400000}]}, {"Word": "speak", "Offset": 18700000, "Duration": 6200000, "PronunciationAssessment": {"AccuracyScore": 100.0, "ErrorType": "None"}, "Syllables": [{"Syllable": "", "PronunciationAssessment": {"AccuracyScore": 100.0}, "Offset": 18700000, "Duration": 6200000}], "Phonemes": [{"Phoneme": "", "PronunciationAssessment": {"AccuracyScore": 100.0}, "Offset": 18700000, "Duration": 1100000}, {"Phoneme": "", "PronunciationAssessment": {"AccuracyScore": 100.0}, "Offset": 19900000, "Duration": 700000}, {"Phoneme": "", "PronunciationAssessment": {"AccuracyScore": 100.0}, "Offset": 20700000, "Duration": 1100000}, {"Phoneme": "", "PronunciationAssessment": {"AccuracyScore": 100.0}, "Offset": 21900000, "Duration": 3000000}]}]}]}}
{"timestamp": "2025-12-09 11:05:24.759850", "payload": {"Id": "1d7219e4b8fa4963962c74ec049db649", "RecognitionStatus": "Success", "Offset": 12600000, "Duration": 17500000, "Channel": 0, "DisplayText": "Think before you speak.", "SNR": 42.209335, "NBest": [{"Confidence": 0.9861335, "Lexical": "think before you speak", "ITN": "think before you speak", "MaskedITN": "think before you speak", "Display": "Think before you speak.", "PronunciationAssessment": {"AccuracyScore": 88.0, "FluencyScore": 100.0, "CompletenessScore": 75.0, "PronScore": 82.6}, "Words": [{"Word": "think", "Offset": 12600000, "Duration": 3300000, "PronunciationAssessment": {"AccuracyScore": 54.0, "ErrorType": "Mispronunciation"}, "Syllables": [{"Syllable": "", "PronunciationAssessment": {"AccuracyScore": 75.0}, "Offset": 12600000, "Duration": 3300000}], "Phonemes": [{"Phoneme": "", "PronunciationAssessment": {"AccuracyScore": 49.0}, "Offset": 12600000, "Duration": 900000}, {"Phoneme": "", "PronunciationAssessment": {"AccuracyScore": 41.0}, "Offset": 13600000, "Duration": 500000}, {"Phoneme": "", "PronunciationAssessment": {"AccuracyScore": 100.0}, "Offset": 14200000, "Duration": 900000}, {"Phoneme": "", "PronunciationAssessment": {"AccuracyScore": 100.0}, "Offset": 15200000, "Duration": 700000}]}, {"Word": "before", "Offset": 16000000, "Duration": 3900000, "PronunciationAssessment": {"AccuracyScore": 100.0, "ErrorType": "None"}, "Syllables": [{"Syllable": "", "Grapheme": "be", "PronunciationAssessment": {"AccuracyScore": 100.0}, "Offset": 16000000, "Duration": 1300000}, {"Syllable": "", "Grapheme": "fore", "PronunciationAssessment": {"AccuracyScore": 100.0}, "Offset": 17400000, "Duration": 2500000}], "Phonemes": [{"Phoneme": "", "PronunciationAssessment": {"AccuracyScore": 100.0}, "Offset": 16000000, "Duration": 500000}, {"Phoneme": "", "PronunciationAssessment": {"AccuracyScore": 100.0}, "Offset": 16600000, "Duration": 700000}, {"Phoneme": "", "PronunciationAssessment": {"AccuracyScore": 100.0}, "Offset": 17400000, "Duration": 700000}, {"Phoneme": "", "PronunciationAssessment": {"AccuracyScore": 100.0}, "Offset": 18200000, "Duration": 400000}, {"Phoneme": "", "PronunciationAssessment": {"AccuracyScore": 100.0}, "Offset": 18700000, "Duration": 1200000}]}, {"Word": "you", "Offset": 20000000, "Duration": 1300000, "PronunciationAssessment": {"AccuracyScore": 100.0, "ErrorType": "None"}, "Syllables": [{"Syllable": "", "PronunciationAssessment": {"AccuracyScore": 100.0}, "Offset": 20000000, "Duration": 1300000}], "Phonemes": [{"Phoneme": "", "PronunciationAssessment": {"AccuracyScore": 100.0}, "Offset": 20000000, "Duration": 500000}, {"Phoneme": "", "PronunciationAssessment": {"AccuracyScore": 100.0}, "Offset": 20600000, "Duration": 700000}]}, {"Word": "speak", "Offset": 21400000, "Duration": 8700000, "PronunciationAssessment": {"AccuracyScore": 100.0, "ErrorType": "None"}, "Syllables": [{"Syllable": "", "PronunciationAssessment": {"AccuracyScore": 100.0}, "Offset": 21400000, "Duration": 8700000}], "Phonemes": [{"Phoneme": "", "PronunciationAssessment": {"AccuracyScore": 100.0}, "Offset": 21400000, "Duration": 1100000}, {"Phoneme": "", "PronunciationAssessment": {"AccuracyScore": 100.0}, "Offset": 22600000, "Duration": 700000}, {"Phoneme": "", "PronunciationAssessment": {"AccuracyScore": 100.0}, "Offset": 23400000, "Duration": 1300000}, {"Phoneme": "", "PronunciationAssessment": {"AccuracyScore": 100.0}, "Offset": 24800000, "Duration": 5300000}]}]}]}}
{"timestamp": "2025-12-09 11:08:00.147717", "payload": {"Id": "3c2cd4bf26ac4bfea8108b86e8de2e46", "RecognitionStatus": "Success", "Offset": 7700000, "Duration": 18000000, "Channel": 0, "DisplayText": "He paid his debt.", "SNR": 44.79798, "NBest": [{"Confidence": 0.969826, "Lexical": "He paid his debt", "ITN": "He paid his debt", "MaskedITN": "he paid his debt", "Display": "He paid his debt.", "PronunciationAssessment": {"AccuracyScore": 99.0, "FluencyScore": 100.0, "CompletenessScore": 100.0, "PronScore": 99.4}, "Words": [{"Word": "He", "Offset": 7700000, "Duration": 3200000, "PronunciationAssessment": {"AccuracyScore": 100.0, "ErrorType": "None"}, "Syllables": [{"Syllable": "", "PronunciationAssessment": {"AccuracyScore": 100.0}, "Offset": 7700000, "Duration": 3200000}], "Phonemes": [{"Phoneme": "", "PronunciationAssessment": {"AccuracyScore": 100.0}, "Offset": 7700000, "Duration": 1600000}, {"Phoneme": "", "PronunciationAssessment": {"AccuracyScore": 100.0}, "Offset": 9400000, "Duration": 1500000}]}, {"Word": "paid", "Offset": 11000000, "Duration": 3400000, "PronunciationAssessment": {"AccuracyScore": 100.0, "ErrorType": "None"}, "Syllables": [{"Syllable": "", "PronunciationAssessment": {"AccuracyScore": 100.0}, "Offset": 11000000, "Duration": 3400000}], "Phonemes": [{"Phoneme": "", "PronunciationAssessment": {"AccuracyScore": 100.0}, "Offset": 11000000, "Duration": 700000}, {"Phoneme": "", "PronunciationAssessment": {"AccuracyScore": 100.0}, "Offset": 11800000, "Duration": 1700000}, {"Phoneme": "", "PronunciationAssessment": {"AccuracyScore": 100.0}, "Offset": 13600000, "Duration": 800000}]}, {"Word": "his", "Offset": 14500000, "Duration": 3800000, "PronunciationAssessment": {"AccuracyScore": 98.0, "ErrorType": "None"}, "Syllables": [{"Syllable": "", "PronunciationAssessment": {"AccuracyScore": 91.0}, "Offset": 14500000, "Duration": 3800000}], "Phonemes": [{"Phoneme": "", "PronunciationAssessment": {"AccuracyScore": 100.0}, "Offset": 14500000, "Duration": 600000}, {"Phoneme": "", "PronunciationAssessment": {"AccuracyScore": 100.0}, "Offset": 15200000, "Duration": 900000}, {"Phoneme": "", "PronunciationAssessment": {"AccuracyScore": 84.0}, "Offset": 16200000, "Duration": 2100000}]}, {"Word": "debt", "Offset": 18400000, "Duration": 7300000, "PronunciationAssessment": {"AccuracyScore": 98.0, "ErrorType": "None"}, "Syllables": [{"Syllable": "", "PronunciationAssessment": {"AccuracyScore": 74.0}, "Offset": 18400000, "Duration": 7300000}], "Phonemes": [{"Phoneme": "", "PronunciationAssessment": {"AccuracyScore": 100.0}, "Offset": 18400000, "Duration": 900000}, {"Phoneme": "", "PronunciationAssessment": {"AccuracyScore": 72.0}, "Offset": 19400000, "Duration": 2100000}, {"Phoneme": "", "PronunciationAssessment": {"AccuracyScore": 69.0}, "Offset": 21600000, "Duration": 4100000}]}]}]}}
{"timestamp": "2025-12-09 11:08:57.459919", "payload": {"Id": "7b034b77a22648bdb1f95c08572a8582", "RecognitionStatus": "Success", "Offset": 8900000, "Duration": 15300000, "Channel": 0, "DisplayText": "I like vegetables.", "SNR": 52.52474, "NBest": [{"Confidence": 0.9771498, "Lexical": "I like vegetables", "ITN": "I like vegetables", "MaskedITN": "i like vegetables", "Display": "I like vegetables.", "PronunciationAssessment": {"AccuracyScore": 100.0, "FluencyScore": 100.0, "CompletenessScore": 100.0, "PronScore": 100.0}, "Words": [{"Word": "I", "Offset": 8900000, "Duration": 2100000, "PronunciationAssessment": {"AccuracyScore": 100.0, "ErrorType": "None"}, "Syllables": [{"Syllable": "", "PronunciationAssessment": {"AccuracyScore": 100.0}, "Offset": 8900000, "Duration": 1300000}, {"Syllable": "", "PronunciationAssessment": {"AccuracyScore": 100.0}, "Offset": 10300000, "Duration": 700000}], "Phonemes": [{"Phoneme": "", "PronunciationAssessment": {"AccuracyScore": 100.0}, "Offset": 8900000, "Duration": 1300000}, {"Phoneme": "", "PronunciationAssessment": {"AccuracyScore": 100.0}, "Offset": 10300000, "Duration": 700000}]}, {"Word": "like", "Offset": 11100000, "Duration": 3300000, "PronunciationAssessment": {"AccuracyScore": 100.0, "ErrorType": "None"}, "Syllables": [{"Syllable": "", "PronunciationAssessment": {"AccuracyScore": 100.0}, "Offset": 11100000, "Duration": 1300000}, {"Syllable": "", "PronunciationAssessment": {"AccuracyScore": 100.0}, "Offset": 12500000, "Duration": 1900000}], "Phonemes": [{"Phoneme": "", "PronunciationAssessment": {"AccuracyScore": 100.0}, "Offset": 11100000, "Duration": 700000}, {"Phoneme": "", "PronunciationAssessment": {"AccuracyScore": 100.0}, "Offset": 11900000, "Duration": 500000}, {"Phoneme": "", "PronunciationAssessment": {"AccuracyScore": 100.0}, "Offset": 12500000, "Duration": 900000}, {"Phoneme": "", "PronunciationAssessment": {"AccuracyScore": 100.0}, "Offset": 13500000, "Duration": 900000}]}, {"Word": "vegetables", "Offset": 14500000, "Duration": 9700000, "PronunciationAssessment": {"AccuracyScore": 100.0, "ErrorType": "None"}, "Syllables": [{"Syllable": "", "Grapheme": "veg", "PronunciationAssessment": {"AccuracyScore": 100.0}, "Offset": 14500000, "Duration": 1300000}, {"Syllable": "", "Grapheme": "e", "PronunciationAssessment": {"AccuracyScore": 100.0}, "Offset": 15900000, "Duration": 1100000}, {"Syllable": "", "Grapheme": "ta", "PronunciationAssessment": {"AccuracyScore": 100.0}, "Offset": 17100000, "Duration": 900000}, {"Syllable": "", "Grapheme": "bles", "PronunciationAssessment": {"AccuracyScore": 100.0}, "Offset": 18100000, "Duration": 6100000}], "Phonemes": [{"Phoneme": "", "PronunciationAssessment": {"AccuracyScore": 100.0}, "Offset": 14500000, "Duration": 500000}, {"Phoneme": "", "PronunciationAssessment": {"AccuracyScore": 100.0}, "Offset": 15100000, "Duration": 700000}, {"Phoneme": "", "PronunciationAssessment": {"AccuracyScore": 100.0}, "Offset": 15900000, "Duration": 600000}, {"Phoneme": "", "PronunciationAssessment": {"AccuracyScore": 100.0}, "Offset": 16600000, "Duration": 400000}, {"Phoneme": "", "PronunciationAssessment": {"AccuracyScore": 100.0}, "Offset": 17100000, "Duration": 400000}, {"Phoneme": "", "PronunciationAssessment": {"AccuracyScore": 100.0}, "Offset": 17600000, "Duration": 400000}, {"Phoneme": "", "PronunciationAssessment": {"AccuracyScore": 100.0}, "Offset": 18100000, "Duration": 400000}, {"Phoneme": "", "PronunciationAssessment": {"AccuracyScore": 100.0}, "Offset": 18600000, "Duration": 400000}, {"Phoneme": "", "PronunciationAssessment": {"AccuracyScore": 100.0}, "Offset": 19100000, "Duration": 500000}, {"Phoneme": "", "PronunciationAssessment": {"AccuracyScore": 100.0}, "Offset": 19700000, "Duration": 4500000}]}]}]}}
{"timestamp": "2025-12-09 11:11:27.347259", "payload": {"Id": "469486edd3264b469fcca06af15d6374", "RecognitionStatus": "Success", "Offset": 10300000, "Duration": 56100000, "Channel": 0, "DisplayText": "I live in Delhi.", "SNR": 38.776096, "NBest": [{"Confidence": 0.9332959, "Lexical": "I live in delhi", "ITN": "I live in delhi", "MaskedITN": "i live in delhi", "Display": "I live in Delhi.", "PronunciationAssessment": {"AccuracyScore": 100.0, "FluencyScore": 43.0, "CompletenessScore": 100.0, "PronScore": 65.8}, "Words": [{"Word": "I", "Offset": 10300000, "Duration": 3600000, "PronunciationAssessment": {"AccuracyScore": 100.0, "ErrorType": "None"}, "Syllables": [{"Syllable": "", "PronunciationAssessment": {"AccuracyScore": 100.0}, "Offset": 10300000, "Duration": 1700000}, {"Syllable": "", "PronunciationAssessment": {"AccuracyScore": 100.0}, "Offset": 12100000, "Duration": 1800000}], "Phonemes": [{"Phoneme": "", "PronunciationAssessment": {"AccuracyScore": 100.0}, "Offset": 10300000, "Duration": 1700000}, {"Phoneme": "", "PronunciationAssessment": {"AccuracyScore": 100.0}, "Offset": 12100000, "Duration": 1800000}]}, {"Word": "live", "Offset": 26900000, "Duration": 7100000, "PronunciationAssessment": {"AccuracyScore": 100.0, "ErrorType": "None"}, "Syllables": [{"Syllable": "", "PronunciationAssessment": {"AccuracyScore": 100.0}, "Offset": 26900000, "Duration": 7100000}], "Phonemes": [{"Phoneme": "", "PronunciationAssessment": {"AccuracyScore": 100.0}, "Offset": 26900000, "Duration": 2100000}, {"Phoneme": "", "PronunciationAssessment": {"AccuracyScore": 100.0}, "Offset": 29100000, "Duration": 1300000}, {"Phoneme": "", "PronunciationAssessment": {"AccuracyScore": 100.0}, "Offset": 30500000, "Duration": 3500000}]}, {"Word": "in", "Offset": 43500000, "Duration": 4400000, "PronunciationAssessment": {"AccuracyScore": 100.0, "ErrorType": "None"}, "Syllables": [{"Syllable": "", "PronunciationAssessment": {"AccuracyScore": 100.0}, "Offset": 43500000, "Duration": 4400000}], "Phonemes": [{"Phoneme": "", "PronunciationAssessment": {"AccuracyScore": 100.0}, "Offset": 43500000, "Duration": 2300000}, {"Phoneme": "", "PronunciationAssessment": {"AccuracyScore": 100.0}, "Offset": 45900000, "Duration": 2000000}]}, {"Word": "delhi", "Offset": 58000000, "Duration": 8400000, "PronunciationAssessment": {"AccuracyScore": 100.0, "ErrorType": "None"}, "Syllables": [{"Syllable": "", "Grapheme": "del", "PronunciationAssessment": {"AccuracyScore": 100.0}, "Offset": 58000000, "Duration": 2600000}, {"Syllable": "", "Grapheme": "hi", "PronunciationAssessment": {"AccuracyScore": 100.0}, "Offset": 60700000, "Duration": 5700000}], "Phonemes": [{"Phoneme": "", "PronunciationAssessment": {"AccuracyScore": 100.0}, "Offset": 58000000, "Duration": 1800000}, {"Phoneme": "", "PronunciationAssessment": {"AccuracyScore": 100.0}, "Offset": 59900000, "Duration": 700000}, {"Phoneme": "", "PronunciationAssessment": {"AccuracyScore": 100.0}, "Offset": 60700000, "Duration": 1100000}, {"Phoneme": "", "PronunciationAssessment": {"AccuracyScore": 100.0}, "Offset": 61900000, "Duration": 4500000}]}]}]}}
{"timestamp": "2025-12-09 11:11:56.697778", "payload": {"Id": "4eb8af5b7fc24777bf884c59bfc4c2a2", "RecognitionStatus": "Success", "Offset": 11900000, "Duration": 23100000, "Channel": 0, "DisplayText": "I understand you you.", "SNR": 47.04817, "NBest": [{"Confidence": 0.9680775, "Lexical": "I understand you you", "ITN": "I understand you you", "MaskedITN": "i understand you you", "Display": "I understand you you.", "PronunciationAssessment": {"AccuracyScore": 97.0, "FluencyScore": 84.0, "CompletenessScore": 100.0, "PronScore": 89.8}, "Words": [{"Word": "I", "Offset": 11900000, "Duration": 3100000, "PronunciationAssessment": {"AccuracyScore": 100.0, "ErrorType": "None"}, "Syllables": [{"Syllable": "", "PronunciationAssessment": {"AccuracyScore": 100.0}, "Offset": 11900000, "Duration": 1700000}, {"Syllable": "", "PronunciationAssessment": {"AccuracyScore": 100.0}, "Offset": 13700000, "Duration": 1300000}], "Phonemes": [{"Phoneme": "", "PronunciationAssessment": {"AccuracyScore": 100.0}, "Offset": 11900000, "Duration": 1700000}, {"Phoneme": "", "PronunciationAssessment": {"AccuracyScore": 100.0}, "Offset": 13700000, "Duration": 1300000}]}, {"Word": "understand", "Offset": 15100000, "Duration": 8500000, "PronunciationAssessment": {"AccuracyScore": 91.0, "ErrorType": "None"}, "Syllables": [{"Syllable": "", "Grapheme": "un", "PronunciationAssessment": {"AccuracyScore": 100.0}, "Offset": 15100000, "Duration": 1700000}, {"Syllable": "", "Grapheme": "der", "PronunciationAssessment": {"AccuracyScore": 96.0}, "Offset": 16900000, "Duration": 1100000}, {"Syllable": "", "Grapheme": "stand", "PronunciationAssessment": {"AccuracyScore": 80.0}, "Offset": 18100000, "Duration": 5500000}], "Phonemes": [{"Phoneme": "", "PronunciationAssessment": {"AccuracyScore": 100.0}, "Offset": 15100000, "Duration": 900000}, {"Phoneme": "", "PronunciationAssessment": {"AccuracyScore": 100.0}, "Offset": 16100000, "Duration": 700000}, {"Phoneme": "", "PronunciationAssessment": {"AccuracyScore": 100.0}, "Offset": 16900000, "Duration": 500000}, {"Phoneme": "", "PronunciationAssessment": {"AccuracyScore": 100.0}, "Offset": 17500000, "Duration": 200000}, {"Phoneme": "", "PronunciationAssessment": {"AccuracyScore": 86.0}, "Offset": 17800000, "Duration": 200000}, {"Phoneme": "", "PronunciationAssessment": {"AccuracyScore": 100.0}, "Offset": 18100000, "Duration": 500000}, {"Phoneme": "", "PronunciationAssessment": {"AccuracyScore": 100.0}, "Offset": 18700000, "Duration": 700000}, {"Phoneme": "", "PronunciationAssessment": {"AccuracyScore": 100.0}, "Offset": 19500000, "Duration": 900000}, {"Phoneme": "", "PronunciationAssessment": {"AccuracyScore": 80.0}, "Offset": 20500000, "Duration": 500000}, {"Phoneme": "", "PronunciationAssessment": {"AccuracyScore": 62.0}, "Offset": 21100000, "Duration": 2500000}]}, {"Word": "you", "Offset": 23700000, "Duration": 3300000, "PronunciationAssessment": {"AccuracyScore": 100.0, "ErrorType": "Insertion"}, "Syllables": [{"Syllable": "", "PronunciationAssessment": {"AccuracyScore": 100.0}, "Offset": 23700000, "Duration": 3300000}], "Phonemes": [{"Phoneme": "", "PronunciationAssessment": {"AccuracyScore": 100.0}, "Offset": 23700000, "Duration": 700000}, {"Phoneme": "", "PronunciationAssessment": {"AccuracyScore": 100.0}, "Offset": 24500000, "Duration": 2500000}]}, {"Word": "you", "Offset": 27500000, "Duration": 7500000, "PronunciationAssessment": {"AccuracyScore": 100.0, "ErrorType": "None"}, "Syllables": [{"Syllable": "", "PronunciationAssessment": {"AccuracyScore": 100.0}, "Offset": 27500000, "Duration": 7500000}], "Phonemes": [{"Phoneme": "", "PronunciationAssessment": {"AccuracyScore": 100.0}, "Offset": 27500000, "Duration": 2700000}, {"Phoneme": "", "PronunciationAssessment": {"AccuracyScore": 100.0}, "Offset": 30300000, "Duration": 4700000}]}]}]}}
{"timestamp": "2025-12-09 11:12:58.196304", "payload": {"Id": "23d23c571c2641ce9e71dceecebd4d37", "RecognitionStatus": "Success", "Offset": 11400000, "Duration": 19500000, "Channel": 0, "DisplayText": "I am ready.", "SNR": 44.40074, "NBest": [{"Confidence": 0.90856767, "Lexical": "i am ready", "ITN": "i am ready", "MaskedITN": "i am ready", "Display": "I am ready.", "PronunciationAssessment": {"AccuracyScore": 99.0, "FluencyScore": 35.0, "CompletenessScore": 100.0, "PronScore": 60.8}, "Words": [{"Word": "i", "Offset": 11400000, "Duration": 7300000, "PronunciationAssessment": {"AccuracyScore": 97.0, "ErrorType": "None"}, "Syllables": [{"Syllable": "", "PronunciationAssessment": {"AccuracyScore": 97.0}, "Offset": 11400000, "Duration": 7300000}], "Phonemes": [{"Phoneme": "", "PronunciationAssessment": {"AccuracyScore": 97.0}, "Offset": 11400000, "Duration": 7300000}]}, {"Word": "am", "Offset": 24200000, "Duration": 2500000, "PronunciationAssessment": {"AccuracyScore": 100.0, "ErrorType": "None"}, "Syllables": [{"Syllable": "", "PronunciationAssessment": {"AccuracyScore": 100.0}, "Offset": 24200000, "Duration": 2500000}], "Phonemes": [{"Phoneme": "", "PronunciationAssessment": {"AccuracyScore": 100.0}, "Offset": 24200000, "Duration": 1300000}, {"Phoneme": "", "PronunciationAssessment": {"AccuracyScore": 100.0}, "Offset": 25600000, "Duration": 1100000}]}, {"Word": "ready", "Offset": 26800000, "Duration": 4100000, "PronunciationAssessment": {"AccuracyScore": 100.0, "ErrorType": "None"}, "Syllables": [{"Syllable": "", "Grapheme": "read", "PronunciationAssessment": {"AccuracyScore": 100.0}, "Offset": 26800000, "Duration": 1100000}, {"Syllable": "", "Grapheme": "y", "PronunciationAssessment": {"AccuracyScore": 100.0}, "Offset": 28000000, "Duration": 2900000}], "Phonemes": [{"Phoneme": "", "PronunciationAssessment": {"AccuracyScore": 100.0}, "Offset": 26800000, "Duration": 500000}, {"Phoneme": "", "PronunciationAssessment": {"AccuracyScore": 100.0}, "Offset": 27400000, "Duration": 500000}, {"Phoneme": "", "PronunciationAssessment": {"AccuracyScore": 100.0}, "Offset": 28000000, "Duration": 700000}, {"Phoneme": "", "PronunciationAssessment": {"AccuracyScore": 100.0}, "Offset": 28800000, "Duration": 2100000}]}]}]}}
{"timestamp": "2025-12-09 11:13:52.291754", "payload": {"Id": "7bf5e21d150a430e88db8f5e2427fc8e", "RecognitionStatus": "Success", "Offset": 10800000, "Duration": 14200000, "Channel": 0, "DisplayText": "I want to succeed.", "SNR": 47.028713, "NBest": [{"Confidence": 0.9697073, "Lexical": "I want to succeed", "ITN": "I want to succeed", "MaskedITN": "i want to succeed", "Display": "I want to succeed.", "PronunciationAssessment": {"AccuracyScore": 66.0, "FluencyScore": 100.0, "CompletenessScore": 67.0, "PronScore": 73.0}, "Words": [{"Word": "I", "Offset": 10800000, "Duration": 2200000, "PronunciationAssessment": {"AccuracyScore": 100.0, "ErrorType": "None"}, "Syllables": [{"Syllable": "", "PronunciationAssessment": {"AccuracyScore": 100.0}, "Offset": 10800000, "Duration": 1600000}, {"Syllable": "", "PronunciationAssessment": {"AccuracyScore": 100.0}, "Offset": 12500000, "Duration": 500000}], "Phonemes": [{"Phoneme": "", "PronunciationAssessment": {"AccuracyScore": 100.0}, "Offset": 10800000, "Duration": 1600000}, {"Phoneme": "", "PronunciationAssessment": {"AccuracyScore": 100.0}, "Offset": 12500000, "Duration": 500000}]}, {"Word": "want", "Offset": 13100000, "Duration": 2800000, "PronunciationAssessment": {"AccuracyScore": 100.0, "ErrorType": "None"}, "Syllables": [{"Syllable": "", "PronunciationAssessment": {"AccuracyScore": 100.0}, "Offset": 13100000, "Duration": 2800000}], "Phonemes": [{"Phoneme": "", "PronunciationAssessment": {"AccuracyScore": 100.0}, "Offset": 13100000, "Duration": 1100000}, {"Phoneme": "", "PronunciationAssessment": {"AccuracyScore": 100.0}, "Offset": 14300000, "Duration": 500000}, {"Phoneme": "", "PronunciationAssessment": {"AccuracyScore": 100.0}, "Offset": 14900000, "Duration": 500000}, {"Phoneme": "", "PronunciationAssessment": {"AccuracyScore": 100.0}, "Offset": 15500000, "Duration": 400000}]}, {"Word": "to", "Offset": 16000000, "Duration": 800000, "PronunciationAssessment": {"AccuracyScore": 100.0, "ErrorType": "None"}, "Syllables": [{"Syllable": "", "PronunciationAssessment": {"AccuracyScore": 100.0}, "Offset": 16000000, "Duration": 800000}], "Phonemes": [{"Phoneme": "", "PronunciationAssessment": {"AccuracyScore": 100.0}, "Offset": 16000000, "Duration": 300000}, {"Phoneme": "", "PronunciationAssessment": {"AccuracyScore": 100.0}, "Offset": 16400000, "Duration": 400000}]}, {"Word": "succeed", "Offset": 16900000, "Duration": 8100000, "PronunciationAssessment": {"AccuracyScore": 98.0, "ErrorType": "None"}, "Syllables": [{"Syllable": "", "Grapheme": "suc", "PronunciationAssessment": {"AccuracyScore": 98.0}, "Offset": 16900000, "Duration": 2300000}, {"Syllable": "", "Grapheme": "ceed", "PronunciationAssessment": {"AccuracyScore": 98.0}, "Offset": 19300000, "Duration": 5700000}], "Phonemes": [{"Phoneme": "", "PronunciationAssessment": {"AccuracyScore": 98.0}, "Offset": 16900000, "Duration": 700000}, {"Phoneme": "", "PronunciationAssessment": {"AccuracyScore": 98.0}, "Offset": 17700000, "Duration": 900000}, {"Phoneme": "", "PronunciationAssessment": {"AccuracyScore": 98.0}, "Offset": 18700000, "Duration": 500000}, {"Phoneme": "", "PronunciationAssessment": {"AccuracyScore": 98.0}, "Offset": 19300000, "Duration": 900000}, {"Phoneme": "", "PronunciationAssessment": {"AccuracyScore": 98.0}, "Offset": 20300000, "Duration": 900000}, {"Phoneme": "", "PronunciationAssessment": {"AccuracyScore": 98.0}, "Offset": 21300000, "Duration": 3700000}]}, {"Word": "in", "PronunciationAssessment": {"ErrorType": "Omission"}, "Phonemes": []}, {"Word": "life", "PronunciationAssessment": {"ErrorType": "Omission"}, "Phonemes": []}]}]}}
{"timestamp": "2025-12-09 16:42:28.933157", "payload": {"Id": "bd92bed51aa34b6287dff88c5bc7ec45", "RecognitionStatus": "Success", "Offset": 12500000, "Duration": 15100000, "Channel": 0, "DisplayText": "I am going to school.", "SNR": 41.85846, "NBest": [{"Confidence": 0.9678403, "Lexical": "I am going to school", "ITN": "I am going to school", "MaskedITN": "i am going to school", "Display": "I am going to school.", "PronunciationAssessment": {"AccuracyScore": 100.0, "FluencyScore": 100.0, "CompletenessScore": 100.0, "PronScore": 100.0}, "Words": [{"Word": "I", "Offset": 12500000, "Duration": 2200000, "PronunciationAssessment": {"AccuracyScore": 100.0, "ErrorType": "None"}, "Syllables": [{"Syllable": "", "PronunciationAssessment": {"AccuracyScore": 100.0}, "Offset": 12500000, "Duration": 1400000}, {"Syllable": "", "PronunciationAssessment": {"AccuracyScore": 100.0}, "Offset": 14000000, "Duration": 700000}], "Phonemes": [{"Phoneme": "", "PronunciationAssessment": {"AccuracyScore": 100.0}, "Offset": 12500000, "Duration": 1400000}, {"Phoneme": "", "PronunciationAssessment": {"AccuracyScore": 100.0}, "Offset": 14000000, "Duration": 700000}]}, {"Word": "am", "Offset": 14800000, "Duration": 1200000, "PronunciationAssessment": {"AccuracyScore": 100.0, "ErrorType": "None"}, "Syllables": [{"Syllable": "", "PronunciationAssessment": {"AccuracyScore": 100.0}, "Offset": 14800000, "Duration": 1200000}], "Phonemes": [{"Phoneme": "", "PronunciationAssessment": {"AccuracyScore": 100.0}, "Offset": 14800000, "Duration": 600000}, {"Phoneme": "", "PronunciationAssessment": {"AccuracyScore": 100.0}, "Offset": 15500000, "Duration": 500000}]}, {"Word": "going", "Offset": 16100000, "Duration": 3500000, "PronunciationAssessment": {"AccuracyScore": 98.0, "ErrorType": "None"}, "Syllables": [{"Syllable": "", "Grapheme": "go", "PronunciationAssessment": {"AccuracyScore": 100.0}, "Offset": 16100000, "Duration": 1700000}, {"Syllable": "", "Grapheme": "ing", "PronunciationAssessment": {"AccuracyScore": 96.0}, "Offset": 17900000, "Duration": 1700000}], "Phonemes": [{"Phoneme": "", "PronunciationAssessment": {"AccuracyScore": 100.0}, "Offset": 16100000, "Duration": 900000}, {"Phoneme": "", "PronunciationAssessment": {"AccuracyScore": 100.0}, "Offset": 17100000, "Duration": 700000}, {"Phoneme": "", "PronunciationAssessment": {"AccuracyScore": 100.0}, "Offset": 17900000, "Duration": 500000}, {"Phoneme": "", "PronunciationAssessment": {"AccuracyScore": 74.0}, "Offset": 18500000, "Duration": 200000}, {"Phoneme": "", "PronunciationAssessment": {"AccuracyScore": 100.0}, "Offset": 18800000, "Duration": 800000}]}, {"Word": "to", "Offset": 19700000, "Duration": 900000, "PronunciationAssessment": {"AccuracyScore": 100.0, "ErrorType": "None"}, "Syllables": [{"Syllable": "", "PronunciationAssessment": {"AccuracyScore": 100.0}, "Offset": 19700000, "Duration": 900000}], "Phonemes": [{"Phoneme": "", "PronunciationAssessment": {"AccuracyScore": 100.0}, "Offset": 19700000, "Duration": 300000}, {"Phoneme": "", "PronunciationAssessment": {"AccuracyScore": 100.0}, "Offset": 20100000, "Duration": 500000}]}, {"Word": "school", "Offset": 20700000, "Duration": 6900000, "PronunciationAssessment": {"AccuracyScore": 100.0, "ErrorType": "None"}, "Syllables": [{"Syllable": "", "PronunciationAssessment": {"AccuracyScore": 100.0}, "Offset": 20700000, "Duration": 6900000}], "Phonemes": [{"Phoneme": "", "PronunciationAssessment": {"AccuracyScore": 100.0}, "Offset": 20700000, "Duration": 700000}, {"Phoneme": "", "PronunciationAssessment": {"AccuracyScore": 100.0}, "Offset": 21500000, "Duration": 900000}, {"Phoneme": "", "PronunciationAssessment": {"AccuracyScore": 100.0}, "Offset": 22500000, "Duration": 900000}, {"Phoneme": "", "PronunciationAssessment": {"AccuracyScore": 100.0}, "Offset": 23500000, "Duration": 4100000}]}]}]}}
{"timestamp": "2025-12-09 16:43:03.385162", "payload": {"Id": "838f5556dae3478c91130d704068c7f3", "RecognitionStatus": "Success", "Offset": 8100000, "Duration": 18500000, "Channel": 0, "DisplayText": "I am school, am going to school.", "SNR": 46.020916, "NBest": [{"Confidence": 0.91977274, "Lexical": "i am school am going to school", "ITN": "i am school am going to school", "MaskedITN": "i am school am going to school", "Display": "I am school, am going to school.", "PronunciationAssessment": {"AccuracyScore": 78.0, "FluencyScore": 80.0, "CompletenessScore": 80.0, "PronScore": 78.8}, "Words": [{"Word": "i", "Offset": 8100000, "Duration": 2600000, "PronunciationAssessment": {"AccuracyScore": 100.0, "ErrorType": "None"}, "Syllables": [{"Syllable": "", "PronunciationAssessment": {"AccuracyScore": 100.0}, "Offset": 8100000, "Duration": 1700000}, {"Syllable": "", "PronunciationAssessment": {"AccuracyScore": 100.0}, "Offset": 9900000, "Duration": 800000}], "Phonemes": [{"Phoneme": "", "PronunciationAssessment": {"AccuracyScore": 100.0}, "Offset": 8100000, "Duration": 1700000}, {"Phoneme": "", "PronunciationAssessment": {"AccuracyScore": 100.0}, "Offset": 9900000, "Duration": 800000}]}, {"Word": "am", "Offset": 10800000, "Duration": 1600000, "PronunciationAssessment": {"AccuracyScore": 100.0, "ErrorType": "Insertion"}, "Syllables": [{"Syllable": "", "PronunciationAssessment": {"AccuracyScore": 100.0}, "Offset": 10800000, "Duration": 1600000}], "Phonemes": [{"Phoneme": "", "PronunciationAssessment": {"AccuracyScore": 100.0}, "Offset": 10800000, "Duration": 400000}, {"Phoneme": "", "PronunciationAssessment": {"AccuracyScore": 100.0}, "Offset": 11300000, "Duration": 1100000}]}, {"Word": "school", "Offset": 12500000, "Duration": 2000000, "PronunciationAssessment": {"AccuracyScore": 2.0, "ErrorType": "Insertion"}, "Syllables": [{"Syllable": "", "PronunciationAssessment": {"AccuracyScore": 11.0}, "Offset": 12500000, "Duration": 2000000}], "Phonemes": [{"Phoneme": "", "PronunciationAssessment": {"AccuracyScore": 20.0}, "Offset": 12500000, "Duration": 1100000}, {"Phoneme": "", "PronunciationAssessment": {"AccuracyScore": 0.0}, "Offset": 13700000, "Duration": 200000}, {"Phoneme": "", "PronunciationAssessment": {"AccuracyScore": 0.0}, "Offset": 14000000, "Duration": 200000}, {"Phoneme": "", "PronunciationAssessment": {"AccuracyScore": 0.0}, "Offset": 14300000, "Duration": 200000}]}, {"Word": "am", "Offset": 14600000, "Duration": 700000, "PronunciationAssessment": {"AccuracyScore": 84.0, "ErrorType": "None"}, "Syllables": [{"Syllable": "", "PronunciationAssessment": {"AccuracyScore": 62.0}, "Offset": 14600000, "Duration": 700000}], "Phonemes": [{"Phoneme": "", "PronunciationAssessment": {"AccuracyScore": 40.0}, "Offset": 14600000, "Duration": 200000}, {"Phoneme": "", "PronunciationAssessment": {"AccuracyScore": 75.0}, "Offset": 14900000, "Duration": 400000}]}, {"Word": "going", "Offset": 15400000, "Duration": 2200000, "PronunciationAssessment": {"AccuracyScore": 8.0, "ErrorType": "Mispronunciation"}, "Syllables": [{"Syllable": "", "Grapheme": "go", "PronunciationAssessment": {"AccuracyScore": 0.0}, "Offset": 15400000, "Duration": 500000}, {"Syllable": "", "Grapheme": "ing", "PronunciationAssessment": {"AccuracyScore": 78.0}, "Offset": 16000000, "Duration": 1600000}], "Phonemes": [{"Phoneme": "", "PronunciationAssessment": {"AccuracyScore": 0.0}, "Offset": 15400000, "Duration": 200000}, {"Phoneme": "", "PronunciationAssessment": {"AccuracyScore": 0.0}, "Offset": 15700000, "Duration": 200000}, {"Phoneme": "", "PronunciationAssessment": {"AccuracyScore": 0.0}, "Offset": 16000000, "Duration": 200000}, {"Phoneme": "", "PronunciationAssessment": {"AccuracyScore": 88.0}, "Offset": 16300000, "Duration": 500000}, {"Phoneme": "", "PronunciationAssessment": {"AccuracyScore": 100.0}, "Offset": 16900000, "Duration": 700000}]}, {"Word": "to", "Offset": 17700000, "Duration": 1100000, "PronunciationAssessment": {"AccuracyScore": 100.0, "ErrorType": "None"}, "Syllables": [{"Syllable": "", "PronunciationAssessment": {"AccuracyScore": 100.0}, "Offset": 17700000, "Duration": 1100000}], "Phonemes": [{"Phoneme": "", "PronunciationAssessment": {"AccuracyScore": 100.0}, "Offset": 17700000, "Duration": 500000}, {"Phoneme": "", "PronunciationAssessment": {"AccuracyScore": 100.0}, "Offset": 18300000, "Duration": 500000}]}, {"Word": "school", "Offset": 18900000, "Duration": 7700000, "PronunciationAssessment": {"AccuracyScore": 98.0, "ErrorType": "None"}, "Syllables": [{"Syllable": "", "PronunciationAssessment": {"AccuracyScore": 98.0}, "Offset": 18900000, "Duration": 7700000}], "Phonemes": [{"Phoneme": "", "PronunciationAssessment": {"AccuracyScore": 98.0}, "Offset": 18900000, "Duration": 1700000}, {"Phoneme": "", "PronunciationAssessment": {"AccuracyScore": 98.0}, "Offset": 20700000, "Duration": 1900000}, {"Phoneme": "", "PronunciationAssessment": {"AccuracyScore": 98.0}, "Offset": 22700000, "Duration": 900000}, {"Phoneme": "", "PronunciationAssessment": {"AccuracyScore": 98.0}, "Offset": 23700000, "Duration": 2900000}]}]}]}}
{"timestamp": "2025-12-09 16:43:45.762314", "payload": {"Id": "ab4f807d807e4470b64afc798c4965b7", "RecognitionStatus": "Success", "Offset": 9700000, "Duration": 9300000, "Channel": 0, "DisplayText": "She is very.", "SNR": 43.479683, "NBest": [{"Confidence": 0.8189414, "Lexical": "She is very", "ITN": "She is very", "MaskedITN": "she is very", "Display": "She is very.", "PronunciationAssessment": {"AccuracyScore": 63.0, "FluencyScore": 100.0, "CompletenessScore": 50.0, "PronScore": 62.6}, "Words": [{"Word": "She", "Offset": 9700000, "Duration": 4100000, "PronunciationAssessment": {"AccuracyScore": 100.0, "ErrorType": "None"}, "Syllables": [{"Syllable": "", "PronunciationAssessment": {"AccuracyScore": 100.0}, "Offset": 9700000, "Duration": 4100000}], "Phonemes": [{"Phoneme": "", "PronunciationAssessment": {"AccuracyScore": 100.0}, "Offset": 9700000, "Duration": 2700000}, {"Phoneme": "", "PronunciationAssessment": {"AccuracyScore": 100.0}, "Offset": 12500000, "Duration": 1300000}]}, {"Word": "is", "Offset": 13900000, "Duration": 2300000, "PronunciationAssessment": {"AccuracyScore": 100.0, "ErrorType": "None"}, "Syllables": [{"Syllable": "", "PronunciationAssessment": {"AccuracyScore": 100.0}, "Offset": 13900000, "Duration": 2300000}], "Phonemes": [{"Phoneme": "", "PronunciationAssessment": {"AccuracyScore": 100.0}, "Offset": 13900000, "Duration": 1100000}, {"Phoneme": "", "PronunciationAssessment": {"AccuracyScore": 100.0}, "Offset": 15100000, "Duration": 1100000}]}, {"Word": "very", "Offset": 16300000, "Duration": 2700000, "PronunciationAssessment": {"AccuracyScore": 52.0, "ErrorType": "Mispronunciation"}, "Syllables": [{"Syllable": "", "Grapheme": "ver", "PronunciationAssessment": {"AccuracyScore": 100.0}, "Offset": 16300000, "Duration": 1100000}, {"Syllable": "", "Grapheme": "y", "PronunciationAssessment": {"AccuracyScore": 62.0}, "Offset": 17500000, "Duration": 1500000}], "Phonemes": [{"Phoneme": "", "PronunciationAssessment": {"AccuracyScore": 100.0}, "Offset": 16300000, "Duration": 600000}, {"Phoneme": "", "PronunciationAssessment": {"AccuracyScore": 100.0}, "Offset": 17000000, "Duration": 400000}, {"Phoneme": "", "PronunciationAssessment": {"AccuracyScore": 100.0}, "Offset": 17500000, "Duration": 900000}, {"Phoneme": "", "PronunciationAssessment": {"AccuracyScore": 0.0}, "Offset": 18500000, "Duration": 500000}]}, {"Word": "smart", "PronunciationAssessment": {"ErrorType": "Omission"}, "Phonemes": []}]}]}}
